exp_moment,animal_ID,model,repeat_idx,total_reward,n_actions,seed,elapsed_s
260124-225237,033,Random,0,42.0,258,42,0.029309988021850586
260124-225237,033,Random,1,63.0,258,43,0.029901742935180664
260124-225237,033,Random,2,41.0,258,44,0.030476093292236328
260124-225237,033,Random,3,19.0,258,45,0.02935791015625
260124-225237,033,Random,4,39.0,258,46,0.028632164001464844
260124-225237,033,Random_forward,0,96.0,258,42,0.029115915298461914
260124-225237,033,Random_forward,1,104.0,258,43,0.029320240020751953
260124-225237,033,Random_forward,2,98.0,258,44,0.029489755630493164
260124-225237,033,Random_forward,3,102.0,258,45,0.029047250747680664
260124-225237,033,Random_forward,4,125.0,258,46,0.029076099395751953
260124-225237,033,Greedy_oracle,0,220.0,258,42,0.024023056030273438
260124-225237,033,Greedy_oracle,1,220.0,258,43,0.024456024169921875
260124-225237,033,Greedy_oracle,2,220.0,258,44,0.024150609970092773
260124-225237,033,Greedy_oracle,3,220.0,258,45,0.024104833602905273
260124-225237,033,Greedy_oracle,4,220.0,258,46,0.02427816390991211
260123-141609,033,Random,0,18.0,98,42,0.011025190353393555
260123-141609,033,Random,1,27.0,98,43,0.011057138442993164
260123-141609,033,Random,2,28.0,98,44,0.010732650756835938
260123-141609,033,Random,3,13.0,98,45,0.011218070983886719
260123-141609,033,Random,4,26.0,98,46,0.011250734329223633
260123-141609,033,Random_forward,0,42.0,98,42,0.010969161987304688
260123-141609,033,Random_forward,1,39.0,98,43,0.011538982391357422
260123-141609,033,Random_forward,2,41.0,98,44,0.011240243911743164
260123-141609,033,Random_forward,3,40.0,98,45,0.01129913330078125
260123-141609,033,Random_forward,4,59.0,98,46,0.011127710342407227
260123-141609,033,Greedy_oracle,0,83.0,98,42,0.009128093719482422
260123-141609,033,Greedy_oracle,1,83.0,98,43,0.00924992561340332
260123-141609,033,Greedy_oracle,2,83.0,98,44,0.009119987487792969
260123-141609,033,Greedy_oracle,3,84.0,98,45,0.009311914443969727
260123-141609,033,Greedy_oracle,4,84.0,98,46,0.009132146835327148
260121-174047,033,Random,0,28.0,157,42,0.01762676239013672
260121-174047,033,Random,1,36.0,157,43,0.01711106300354004
260121-174047,033,Random,2,40.0,157,44,0.01840496063232422
260121-174047,033,Random,3,25.0,157,45,0.017422199249267578
260121-174047,033,Random,4,41.0,157,46,0.01776909828186035
260121-174047,033,Random_forward,0,49.0,157,42,0.017457962036132812
260121-174047,033,Random_forward,1,70.0,157,43,0.01782679557800293
260121-174047,033,Random_forward,2,70.0,157,44,0.017705917358398438
260121-174047,033,Random_forward,3,55.0,157,45,0.017416954040527344
260121-174047,033,Random_forward,4,38.0,157,46,0.017794132232666016
260121-174047,033,Greedy_oracle,0,135.0,157,42,0.014757156372070312
260121-174047,033,Greedy_oracle,1,135.0,157,43,0.014733076095581055
260121-174047,033,Greedy_oracle,2,135.0,157,44,0.014734983444213867
260121-174047,033,Greedy_oracle,3,135.0,157,45,0.014415740966796875
260121-174047,033,Greedy_oracle,4,135.0,157,46,0.014610052108764648
260119-172108,033,Random,0,28.0,195,42,0.02184295654296875
260119-172108,033,Random,1,48.0,195,43,0.021999835968017578
260119-172108,033,Random,2,42.0,195,44,0.022346973419189453
260119-172108,033,Random,3,25.0,195,45,0.022001981735229492
260119-172108,033,Random,4,50.0,195,46,0.02183985710144043
260119-172108,033,Random_forward,0,50.0,195,42,0.021505117416381836
260119-172108,033,Random_forward,1,92.0,195,43,0.022351741790771484
260119-172108,033,Random_forward,2,94.0,195,44,0.02250385284423828
260119-172108,033,Random_forward,3,71.0,195,45,0.021881103515625
260119-172108,033,Random_forward,4,38.0,195,46,0.022342920303344727
260119-172108,033,Greedy_oracle,0,167.0,195,42,0.018704891204833984
260119-172108,033,Greedy_oracle,1,167.0,195,43,0.01841282844543457
260119-172108,033,Greedy_oracle,2,167.0,195,44,0.018415212631225586
260119-172108,033,Greedy_oracle,3,167.0,195,45,0.018372058868408203
260119-172108,033,Greedy_oracle,4,167.0,195,46,0.018147706985473633
260117-175942,033,Random,0,21.0,135,42,0.014990091323852539
260117-175942,033,Random,1,26.0,135,43,0.015007972717285156
260117-175942,033,Random,2,32.0,135,44,0.015112161636352539
260117-175942,033,Random,3,25.0,135,45,0.01530599594116211
260117-175942,033,Random,4,36.0,135,46,0.015149116516113281
260117-175942,033,Random_forward,0,32.0,135,42,0.015063047409057617
260117-175942,033,Random_forward,1,65.0,135,43,0.015563011169433594
260117-175942,033,Random_forward,2,57.0,135,44,0.01559305191040039
260117-175942,033,Random_forward,3,52.0,135,45,0.015084028244018555
260117-175942,033,Random_forward,4,38.0,135,46,0.015334844589233398
260117-175942,033,Greedy_oracle,0,116.0,135,42,0.012557029724121094
260117-175942,033,Greedy_oracle,1,116.0,135,43,0.012398004531860352
260117-175942,033,Greedy_oracle,2,116.0,135,44,0.012537002563476562
260117-175942,033,Greedy_oracle,3,116.0,135,45,0.012417793273925781
260117-175942,033,Greedy_oracle,4,116.0,135,46,0.01234889030456543
260116-175247,033,Random,0,28.0,179,42,0.020261287689208984
260116-175247,033,Random,1,44.0,179,43,0.02020096778869629
260116-175247,033,Random,2,41.0,179,44,0.020381927490234375
260116-175247,033,Random,3,25.0,179,45,0.0202481746673584
260116-175247,033,Random,4,47.0,179,46,0.019896268844604492
260116-175247,033,Random_forward,0,49.0,179,42,0.019746780395507812
260116-175247,033,Random_forward,1,84.0,179,43,0.020650863647460938
260116-175247,033,Random_forward,2,82.0,179,44,0.020402908325195312
260116-175247,033,Random_forward,3,70.0,179,45,0.02040719985961914
260116-175247,033,Random_forward,4,38.0,179,46,0.019999980926513672
260116-175247,033,Greedy_oracle,0,153.0,179,42,0.016230106353759766
260116-175247,033,Greedy_oracle,1,153.0,179,43,0.017145156860351562
260116-175247,033,Greedy_oracle,2,153.0,179,44,0.016770124435424805
260116-175247,033,Greedy_oracle,3,153.0,179,45,0.016246795654296875
260116-175247,033,Greedy_oracle,4,153.0,179,46,0.016901254653930664
251231-172527,031,Random,0,21.0,121,42,0.013378143310546875
251231-172527,031,Random,1,26.0,121,43,0.013572216033935547
251231-172527,031,Random,2,27.0,121,44,0.013521909713745117
251231-172527,031,Random,3,25.0,121,45,0.013605117797851562
251231-172527,031,Random,4,35.0,121,46,0.013659238815307617
251231-172527,031,Random_forward,0,24.0,121,42,0.013597726821899414
251231-172527,031,Random_forward,1,57.0,121,43,0.013821125030517578
251231-172527,031,Random_forward,2,52.0,121,44,0.013851165771484375
251231-172527,031,Random_forward,3,48.0,121,45,0.01353597640991211
251231-172527,031,Random_forward,4,32.0,121,46,0.013460874557495117
251231-172527,031,Greedy_oracle,0,104.0,121,42,0.011170148849487305
251231-172527,031,Greedy_oracle,1,104.0,121,43,0.011178016662597656
251231-172527,031,Greedy_oracle,2,104.0,121,44,0.01118016242980957
251231-172527,031,Greedy_oracle,3,104.0,121,45,0.011221885681152344
251231-172527,031,Greedy_oracle,4,104.0,121,46,0.011424064636230469
251230-171810,031,Random,0,28.0,171,42,0.019055843353271484
251230-171810,031,Random,1,40.0,171,43,0.019262075424194336
251230-171810,031,Random,2,40.0,171,44,0.018918991088867188
251230-171810,031,Random,3,25.0,171,45,0.019624948501586914
251230-171810,031,Random,4,45.0,171,46,0.01922464370727539
251230-171810,031,Random_forward,0,49.0,171,42,0.019026756286621094
251230-171810,031,Random_forward,1,81.0,171,43,0.019967079162597656
251230-171810,031,Random_forward,2,77.0,171,44,0.01932215690612793
251230-171810,031,Random_forward,3,67.0,171,45,0.019673824310302734
251230-171810,031,Random_forward,4,38.0,171,46,0.01958489418029785
251230-171810,031,Greedy_oracle,0,147.0,171,42,0.01615285873413086
251230-171810,031,Greedy_oracle,1,147.0,171,43,0.016330957412719727
251230-171810,031,Greedy_oracle,2,147.0,171,44,0.016041040420532227
251230-171810,031,Greedy_oracle,3,147.0,171,45,0.01524806022644043
251230-171810,031,Greedy_oracle,4,147.0,171,46,0.0161440372467041
251229-180544,031,Random,0,52.0,318,42,0.03550386428833008
251229-180544,031,Random,1,66.0,318,43,0.03622317314147949
251229-180544,031,Random,2,70.0,318,44,0.03618669509887695
251229-180544,031,Random,3,39.0,318,45,0.03612494468688965
251229-180544,031,Random,4,70.0,318,46,0.03577899932861328
251229-180544,031,Random_forward,0,98.0,318,42,0.03577399253845215
251229-180544,031,Random_forward,1,137.0,318,43,0.03551006317138672
251229-180544,031,Random_forward,2,137.0,318,44,0.03457927703857422
251229-180544,031,Random_forward,3,108.0,318,45,0.03609800338745117
251229-180544,031,Random_forward,4,94.0,318,46,0.03580904006958008
251229-180544,031,Greedy_oracle,0,271.0,318,42,0.02955007553100586
251229-180544,031,Greedy_oracle,1,271.0,318,43,0.02952885627746582
251229-180544,031,Greedy_oracle,2,271.0,318,44,0.029241085052490234
251229-180544,031,Greedy_oracle,3,271.0,318,45,0.02964305877685547
251229-180544,031,Greedy_oracle,4,271.0,318,46,0.02933502197265625
251228-174043,031,Random,0,49.0,195,42,0.021392107009887695
251228-174043,031,Random,1,44.0,195,43,0.021327972412109375
251228-174043,031,Random,2,26.0,195,44,0.02112579345703125
251228-174043,031,Random,3,40.0,195,45,0.021118879318237305
251228-174043,031,Random,4,26.0,195,46,0.021136999130249023
251228-174043,031,Random_forward,0,28.0,195,42,0.021636009216308594
251228-174043,031,Random_forward,1,70.0,195,43,0.021637916564941406
251228-174043,031,Random_forward,2,62.0,195,44,0.021607160568237305
251228-174043,031,Random_forward,3,105.0,195,45,0.020270109176635742
251228-174043,031,Random_forward,4,97.0,195,46,0.02133011817932129
251228-174043,031,Greedy_oracle,0,182.0,195,42,0.017274856567382812
251228-174043,031,Greedy_oracle,1,182.0,195,43,0.017032861709594727
251228-174043,031,Greedy_oracle,2,182.0,195,44,0.01646590232849121
251228-174043,031,Greedy_oracle,3,182.0,195,45,0.01763296127319336
251228-174043,031,Greedy_oracle,4,182.0,195,46,0.017440080642700195
251227-174332,031,Random,0,58.0,247,42,0.0270078182220459
251227-174332,031,Random,1,51.0,247,43,0.026619911193847656
251227-174332,031,Random,2,32.0,247,44,0.025874853134155273
251227-174332,031,Random,3,40.0,247,45,0.026340961456298828
251227-174332,031,Random,4,26.0,247,46,0.026990890502929688
251227-174332,031,Random_forward,0,55.0,247,42,0.02682209014892578
251227-174332,031,Random_forward,1,83.0,247,43,0.026762962341308594
251227-174332,031,Random_forward,2,87.0,247,44,0.026666879653930664
251227-174332,031,Random_forward,3,117.0,247,45,0.026593685150146484
251227-174332,031,Random_forward,4,105.0,247,46,0.02721118927001953
251227-174332,031,Greedy_oracle,0,231.0,247,42,0.021518945693969727
251227-174332,031,Greedy_oracle,1,231.0,247,43,0.02170109748840332
251227-174332,031,Greedy_oracle,2,231.0,247,44,0.0218198299407959
251227-174332,031,Greedy_oracle,3,231.0,247,45,0.022110939025878906
251227-174332,031,Greedy_oracle,4,231.0,247,46,0.021535873413085938
251226-181307,031,Random,0,49.0,208,42,0.022822856903076172
251226-181307,031,Random,1,49.0,208,43,0.02320408821105957
251226-181307,031,Random,2,26.0,208,44,0.022052764892578125
251226-181307,031,Random,3,40.0,208,45,0.02261185646057129
251226-181307,031,Random,4,26.0,208,46,0.022522926330566406
251226-181307,031,Random_forward,0,31.0,208,42,0.022408008575439453
251226-181307,031,Random_forward,1,71.0,208,43,0.022309064865112305
251226-181307,031,Random_forward,2,64.0,208,44,0.022576332092285156
251226-181307,031,Random_forward,3,107.0,208,45,0.022409915924072266
251226-181307,031,Random_forward,4,97.0,208,46,0.02300715446472168
251226-181307,031,Greedy_oracle,0,194.0,208,42,0.01834392547607422
251226-181307,031,Greedy_oracle,1,194.0,208,43,0.01814103126525879
251226-181307,031,Greedy_oracle,2,194.0,208,44,0.018243074417114258
251226-181307,031,Greedy_oracle,3,194.0,208,45,0.018425703048706055
251226-181307,031,Greedy_oracle,4,194.0,208,46,0.018672943115234375
251225-181630,031,Random,0,45.0,178,42,0.019542217254638672
251225-181630,031,Random,1,36.0,178,43,0.01966071128845215
251225-181630,031,Random,2,26.0,178,44,0.01996016502380371
251225-181630,031,Random,3,40.0,178,45,0.019495010375976562
251225-181630,031,Random,4,26.0,178,46,0.0198972225189209
251225-181630,031,Random_forward,0,28.0,178,42,0.019737958908081055
251225-181630,031,Random_forward,1,70.0,178,43,0.019752979278564453
251225-181630,031,Random_forward,2,49.0,178,44,0.01950812339782715
251225-181630,031,Random_forward,3,105.0,178,45,0.02023601531982422
251225-181630,031,Random_forward,4,90.0,178,46,0.02004265785217285
251225-181630,031,Greedy_oracle,0,166.0,178,42,0.016012191772460938
251225-181630,031,Greedy_oracle,1,166.0,178,43,0.015496969223022461
251225-181630,031,Greedy_oracle,2,166.0,178,44,0.015673160552978516
251225-181630,031,Greedy_oracle,3,166.0,178,45,0.016003131866455078
251225-181630,031,Greedy_oracle,4,166.0,178,46,0.015312910079956055
251224-181729,031,Random,0,32.0,80,42,0.009077072143554688
251224-181729,031,Random,1,15.0,80,43,0.009068012237548828
251224-181729,031,Random,2,24.0,80,44,0.008945941925048828
251224-181729,031,Random,3,20.0,80,45,0.00898599624633789
251224-181729,031,Random,4,18.0,80,46,0.008968830108642578
251224-181729,031,Random_forward,0,27.0,80,42,0.008736133575439453
251224-181729,031,Random_forward,1,41.0,80,43,0.008807897567749023
251224-181729,031,Random_forward,2,27.0,80,44,0.008593082427978516
251224-181729,031,Random_forward,3,49.0,80,45,0.009231805801391602
251224-181729,031,Random_forward,4,40.0,80,46,0.008871316909790039
251224-181729,031,Greedy_oracle,0,75.0,80,42,0.007699251174926758
251224-181729,031,Greedy_oracle,1,75.0,80,43,0.007193088531494141
251224-181729,031,Greedy_oracle,2,75.0,80,44,0.007247209548950195
251224-181729,031,Greedy_oracle,3,75.0,80,45,0.007382869720458984
251224-181729,031,Greedy_oracle,4,75.0,80,46,0.007230043411254883
251222-194856,031,Random,0,49.0,212,42,0.02288508415222168
251222-194856,031,Random,1,50.0,212,43,0.0235292911529541
251222-194856,031,Random,2,27.0,212,44,0.023101091384887695
251222-194856,031,Random,3,40.0,212,45,0.023086071014404297
251222-194856,031,Random,4,26.0,212,46,0.023450136184692383
251222-194856,031,Random_forward,0,35.0,212,42,0.023807287216186523
251222-194856,031,Random_forward,1,74.0,212,43,0.023335933685302734
251222-194856,031,Random_forward,2,64.0,212,44,0.023362159729003906
251222-194856,031,Random_forward,3,111.0,212,45,0.02280116081237793
251222-194856,031,Random_forward,4,97.0,212,46,0.023600339889526367
251222-194856,031,Greedy_oracle,0,198.0,212,42,0.018491268157958984
251222-194856,031,Greedy_oracle,1,198.0,212,43,0.01833200454711914
251222-194856,031,Greedy_oracle,2,198.0,212,44,0.01911020278930664
251222-194856,031,Greedy_oracle,3,198.0,212,45,0.018513202667236328
251222-194856,031,Greedy_oracle,4,198.0,212,46,0.018841266632080078
251221-193410,031,Random,0,69.0,529,42,0.05916285514831543
251221-193410,031,Random,1,90.0,529,43,0.05775594711303711
251221-193410,031,Random,2,64.0,529,44,0.05504488945007324
251221-193410,031,Random,3,93.0,529,45,0.05698108673095703
251221-193410,031,Random,4,53.0,529,46,0.057196617126464844
251221-193410,031,Random_forward,0,164.0,529,42,0.05774402618408203
251221-193410,031,Random_forward,1,168.0,529,43,0.05702686309814453
251221-193410,031,Random_forward,2,168.0,529,44,0.05716991424560547
251221-193410,031,Random_forward,3,264.0,529,45,0.058142900466918945
251221-193410,031,Random_forward,4,193.0,529,46,0.05716991424560547
251221-193410,031,Greedy_oracle,0,494.0,529,42,0.045825958251953125
251221-193410,031,Greedy_oracle,1,494.0,529,43,0.04596900939941406
251221-193410,031,Greedy_oracle,2,494.0,529,44,0.046961307525634766
251221-193410,031,Greedy_oracle,3,494.0,529,45,0.04571700096130371
251221-193410,031,Greedy_oracle,4,494.0,529,46,0.04643988609313965
251220-165800,031,Random,0,95.0,695,42,0.07396101951599121
251220-165800,031,Random,1,106.0,695,43,0.0739748477935791
251220-165800,031,Random,2,82.0,695,44,0.07310700416564941
251220-165800,031,Random,3,100.0,695,45,0.07381296157836914
251220-165800,031,Random,4,68.0,695,46,0.07467412948608398
251220-165800,031,Random_forward,0,224.0,695,42,0.07547593116760254
251220-165800,031,Random_forward,1,201.0,695,43,0.07515907287597656
251220-165800,031,Random_forward,2,209.0,695,44,0.07535004615783691
251220-165800,031,Random_forward,3,335.0,695,45,0.07446002960205078
251220-165800,031,Random_forward,4,245.0,695,46,0.07447504997253418
251220-165800,031,Greedy_oracle,0,649.0,695,42,0.05981111526489258
251220-165800,031,Greedy_oracle,1,649.0,695,43,0.06046485900878906
251220-165800,031,Greedy_oracle,2,649.0,695,44,0.06039023399353027
251220-165800,031,Greedy_oracle,3,649.0,695,45,0.06038498878479004
251220-165800,031,Greedy_oracle,4,649.0,695,46,0.06113004684448242
251130-232218,031,Random,0,53.0,239,42,0.025925159454345703
251130-232218,031,Random,1,50.0,239,43,0.025993824005126953
251130-232218,031,Random,2,32.0,239,44,0.025954008102416992
251130-232218,031,Random,3,40.0,239,45,0.025829076766967773
251130-232218,031,Random,4,26.0,239,46,0.024970293045043945
251130-232218,031,Random_forward,0,54.0,239,42,0.026060104370117188
251130-232218,031,Random_forward,1,78.0,239,43,0.0257720947265625
251130-232218,031,Random_forward,2,84.0,239,44,0.026008129119873047
251130-232218,031,Random_forward,3,112.0,239,45,0.025513887405395508
251130-232218,031,Random_forward,4,104.0,239,46,0.02593207359313965
251130-232218,031,Greedy_oracle,0,223.0,239,42,0.02098989486694336
251130-232218,031,Greedy_oracle,1,223.0,239,43,0.02136826515197754
251130-232218,031,Greedy_oracle,2,223.0,239,44,0.02157306671142578
251130-232218,031,Greedy_oracle,3,223.0,239,45,0.020482778549194336
251130-232218,031,Greedy_oracle,4,223.0,239,46,0.021196842193603516
251130-134624,031,Random,0,62.0,270,42,0.029152870178222656
251130-134624,031,Random,1,53.0,270,43,0.029412269592285156
251130-134624,031,Random,2,37.0,270,44,0.0282440185546875
251130-134624,031,Random,3,47.0,270,45,0.029152870178222656
251130-134624,031,Random,4,26.0,270,46,0.029407978057861328
251130-134624,031,Random_forward,0,55.0,270,42,0.02915191650390625
251130-134624,031,Random_forward,1,83.0,270,43,0.029362916946411133
251130-134624,031,Random_forward,2,95.0,270,44,0.02924180030822754
251130-134624,031,Random_forward,3,130.0,270,45,0.029988765716552734
251130-134624,031,Random_forward,4,110.0,270,46,0.029230117797851562
251130-134624,031,Greedy_oracle,0,252.0,270,42,0.02358102798461914
251130-134624,031,Greedy_oracle,1,252.0,270,43,0.024045705795288086
251130-134624,031,Greedy_oracle,2,252.0,270,44,0.025096893310546875
251130-134624,031,Greedy_oracle,3,252.0,270,45,0.02438187599182129
251130-134624,031,Greedy_oracle,4,252.0,270,46,0.023771047592163086
251129-155326,031,Random,0,73.0,420,42,0.04676485061645508
251129-155326,031,Random,1,88.0,420,43,0.04649090766906738
251129-155326,031,Random,2,81.0,420,44,0.048861026763916016
251129-155326,031,Random,3,67.0,420,45,0.04722094535827637
251129-155326,031,Random,4,70.0,420,46,0.047162771224975586
251129-155326,031,Random_forward,0,134.0,420,42,0.047041893005371094
251129-155326,031,Random_forward,1,188.0,420,43,0.047029972076416016
251129-155326,031,Random_forward,2,167.0,420,44,0.04723000526428223
251129-155326,031,Random_forward,3,125.0,420,45,0.04754900932312012
251129-155326,031,Random_forward,4,118.0,420,46,0.047074079513549805
251129-155326,031,Greedy_oracle,0,358.0,420,42,0.03946685791015625
251129-155326,031,Greedy_oracle,1,358.0,420,43,0.03832507133483887
251129-155326,031,Greedy_oracle,2,358.0,420,44,0.038995981216430664
251129-155326,031,Greedy_oracle,3,358.0,420,45,0.03794384002685547
251129-155326,031,Greedy_oracle,4,358.0,420,46,0.03969120979309082
251128-125956,031,Random,0,47.0,271,42,0.030193805694580078
251128-125956,031,Random,1,64.0,271,43,0.02998805046081543
251128-125956,031,Random,2,60.0,271,44,0.030646085739135742
251128-125956,031,Random,3,35.0,271,45,0.030303955078125
251128-125956,031,Random,4,65.0,271,46,0.030975818634033203
251128-125956,031,Random_forward,0,82.0,271,42,0.030018091201782227
251128-125956,031,Random_forward,1,124.0,271,43,0.03071904182434082
251128-125956,031,Random_forward,2,122.0,271,44,0.030550003051757812
251128-125956,031,Random_forward,3,106.0,271,45,0.030718088150024414
251128-125956,031,Random_forward,4,75.0,271,46,0.030411958694458008
251128-125956,031,Greedy_oracle,0,232.0,271,42,0.025123119354248047
251128-125956,031,Greedy_oracle,1,232.0,271,43,0.025641202926635742
251128-125956,031,Greedy_oracle,2,232.0,271,44,0.025045156478881836
251128-125956,031,Greedy_oracle,3,232.0,271,45,0.025209903717041016
251128-125956,031,Greedy_oracle,4,232.0,271,46,0.025183916091918945
251127-113857,031,Random,0,21.0,140,42,0.014943361282348633
251127-113857,031,Random,1,27.0,140,43,0.01589202880859375
251127-113857,031,Random,2,33.0,140,44,0.015525341033935547
251127-113857,031,Random,3,25.0,140,45,0.015706300735473633
251127-113857,031,Random,4,36.0,140,46,0.015496969223022461
251127-113857,031,Random_forward,0,37.0,140,42,0.015359878540039062
251127-113857,031,Random_forward,1,65.0,140,43,0.015785932540893555
251127-113857,031,Random_forward,2,60.0,140,44,0.01595902442932129
251127-113857,031,Random_forward,3,52.0,140,45,0.015508890151977539
251127-113857,031,Random_forward,4,38.0,140,46,0.015485048294067383
251127-113857,031,Greedy_oracle,0,120.0,140,42,0.013375043869018555
251127-113857,031,Greedy_oracle,1,120.0,140,43,0.013061046600341797
251127-113857,031,Greedy_oracle,2,120.0,140,44,0.01296687126159668
251127-113857,031,Greedy_oracle,3,120.0,140,45,0.012841939926147461
251127-113857,031,Greedy_oracle,4,120.0,140,46,0.013040781021118164
251126-135239,031,Random,0,52.0,317,42,0.03486800193786621
251126-135239,031,Random,1,66.0,317,43,0.034832000732421875
251126-135239,031,Random,2,70.0,317,44,0.03525876998901367
251126-135239,031,Random,3,39.0,317,45,0.03540778160095215
251126-135239,031,Random,4,70.0,317,46,0.03599405288696289
251126-135239,031,Random_forward,0,98.0,317,42,0.034931182861328125
251126-135239,031,Random_forward,1,137.0,317,43,0.03550386428833008
251126-135239,031,Random_forward,2,136.0,317,44,0.03571891784667969
251126-135239,031,Random_forward,3,108.0,317,45,0.03550887107849121
251126-135239,031,Random_forward,4,94.0,317,46,0.03596806526184082
251126-135239,031,Greedy_oracle,0,270.0,317,42,0.02934408187866211
251126-135239,031,Greedy_oracle,1,270.0,317,43,0.0293729305267334
251126-135239,031,Greedy_oracle,2,270.0,317,44,0.02939605712890625
251126-135239,031,Greedy_oracle,3,270.0,317,45,0.029345989227294922
251126-135239,031,Greedy_oracle,4,270.0,317,46,0.029304981231689453
251125-162636,031,Random,0,52.0,327,42,0.03698420524597168
251125-162636,031,Random,1,66.0,327,43,0.03650164604187012
251125-162636,031,Random,2,70.0,327,44,0.0371701717376709
251125-162636,031,Random,3,41.0,327,45,0.036562204360961914
251125-162636,031,Random,4,70.0,327,46,0.03678107261657715
251125-162636,031,Random_forward,0,98.0,327,42,0.03668808937072754
251125-162636,031,Random_forward,1,138.0,327,43,0.03673505783081055
251125-162636,031,Random_forward,2,138.0,327,44,0.03727412223815918
251125-162636,031,Random_forward,3,108.0,327,45,0.03693199157714844
251125-162636,031,Random_forward,4,94.0,327,46,0.03693103790283203
251125-162636,031,Greedy_oracle,0,279.0,327,42,0.031195878982543945
251125-162636,031,Greedy_oracle,1,279.0,327,43,0.030392169952392578
251125-162636,031,Greedy_oracle,2,279.0,327,44,0.030572891235351562
251125-162636,031,Greedy_oracle,3,279.0,327,45,0.030932188034057617
251125-162636,031,Greedy_oracle,4,279.0,327,46,0.0301821231842041
251124-164313,031,Random,0,52.0,306,42,0.03412508964538574
251124-164313,031,Random,1,66.0,306,43,0.033593177795410156
251124-164313,031,Random,2,69.0,306,44,0.03386187553405762
251124-164313,031,Random,3,36.0,306,45,0.03389120101928711
251124-164313,031,Random,4,67.0,306,46,0.034914255142211914
251124-164313,031,Random_forward,0,92.0,306,42,0.03422689437866211
251124-164313,031,Random_forward,1,137.0,306,43,0.03493976593017578
251124-164313,031,Random_forward,2,130.0,306,44,0.03463387489318848
251124-164313,031,Random_forward,3,108.0,306,45,0.035119056701660156
251124-164313,031,Random_forward,4,90.0,306,46,0.03424072265625
251124-164313,031,Greedy_oracle,0,261.0,306,42,0.02863001823425293
251124-164313,031,Greedy_oracle,1,261.0,306,43,0.028883934020996094
251124-164313,031,Greedy_oracle,2,261.0,306,44,0.02922797203063965
251124-164313,031,Greedy_oracle,3,261.0,306,45,0.02929401397705078
251124-164313,031,Greedy_oracle,4,261.0,306,46,0.028671979904174805
251123-125720,031,Random,0,35.0,219,42,0.024584293365478516
251123-125720,031,Random,1,55.0,219,43,0.024438142776489258
251123-125720,031,Random,2,50.0,219,44,0.02522420883178711
251123-125720,031,Random,3,26.0,219,45,0.025191068649291992
251123-125720,031,Random,4,50.0,219,46,0.024618864059448242
251123-125720,031,Random_forward,0,60.0,219,42,0.024709224700927734
251123-125720,031,Random_forward,1,96.0,219,43,0.024630069732666016
251123-125720,031,Random_forward,2,106.0,219,44,0.024714946746826172
251123-125720,031,Random_forward,3,90.0,219,45,0.02462005615234375
251123-125720,031,Random_forward,4,47.0,219,46,0.02509593963623047
251123-125720,031,Greedy_oracle,0,188.0,219,42,0.020787954330444336
251123-125720,031,Greedy_oracle,1,188.0,219,43,0.020576953887939453
251123-125720,031,Greedy_oracle,2,188.0,219,44,0.021525859832763672
251123-125720,031,Greedy_oracle,3,188.0,219,45,0.020487070083618164
251123-125720,031,Greedy_oracle,4,188.0,219,46,0.020189285278320312
251122-140850,031,Random,0,38.0,156,42,0.0173342227935791
251122-140850,031,Random,1,36.0,156,43,0.017150163650512695
251122-140850,031,Random,2,26.0,156,44,0.01655101776123047
251122-140850,031,Random,3,39.0,156,45,0.017368078231811523
251122-140850,031,Random,4,26.0,156,46,0.017059803009033203
251122-140850,031,Random_forward,0,28.0,156,42,0.016511917114257812
251122-140850,031,Random_forward,1,70.0,156,43,0.016923904418945312
251122-140850,031,Random_forward,2,49.0,156,44,0.017073869705200195
251122-140850,031,Random_forward,3,96.0,156,45,0.016883373260498047
251122-140850,031,Random_forward,4,80.0,156,46,0.016894102096557617
251122-140850,031,Greedy_oracle,0,146.0,156,42,0.013664007186889648
251122-140850,031,Greedy_oracle,1,146.0,156,43,0.01324319839477539
251122-140850,031,Greedy_oracle,2,146.0,156,44,0.01412200927734375
251122-140850,031,Greedy_oracle,3,146.0,156,45,0.013611078262329102
251122-140850,031,Greedy_oracle,4,146.0,156,46,0.013878107070922852
251121-141557,031,Random,0,49.0,207,42,0.02241206169128418
251121-141557,031,Random,1,49.0,207,43,0.022758960723876953
251121-141557,031,Random,2,26.0,207,44,0.021964073181152344
251121-141557,031,Random,3,40.0,207,45,0.02236485481262207
251121-141557,031,Random,4,26.0,207,46,0.022098064422607422
251121-141557,031,Random_forward,0,30.0,207,42,0.021662235260009766
251121-141557,031,Random_forward,1,70.0,207,43,0.022448301315307617
251121-141557,031,Random_forward,2,64.0,207,44,0.022461891174316406
251121-141557,031,Random_forward,3,106.0,207,45,0.021947860717773438
251121-141557,031,Random_forward,4,97.0,207,46,0.022514820098876953
251121-141557,031,Greedy_oracle,0,193.0,207,42,0.018083810806274414
251121-141557,031,Greedy_oracle,1,193.0,207,43,0.018270015716552734
251121-141557,031,Greedy_oracle,2,193.0,207,44,0.022617101669311523
251121-141557,031,Greedy_oracle,3,193.0,207,45,0.018962860107421875
251121-141557,031,Greedy_oracle,4,193.0,207,46,0.018202781677246094
251120-132717,031,Random,0,52.0,296,42,0.03322887420654297
251120-132717,031,Random,1,64.0,296,43,0.0330507755279541
251120-132717,031,Random,2,68.0,296,44,0.03323698043823242
251120-132717,031,Random,3,36.0,296,45,0.03326606750488281
251120-132717,031,Random,4,67.0,296,46,0.03339195251464844
251120-132717,031,Random_forward,0,91.0,296,42,0.03243374824523926
251120-132717,031,Random_forward,1,137.0,296,43,0.03317093849182129
251120-132717,031,Random_forward,2,124.0,296,44,0.0334019660949707
251120-132717,031,Random_forward,3,108.0,296,45,0.03336024284362793
251120-132717,031,Random_forward,4,88.0,296,46,0.03400135040283203
251120-132717,031,Greedy_oracle,0,252.0,296,42,0.027819156646728516
251120-132717,031,Greedy_oracle,1,252.0,296,43,0.027756929397583008
251120-132717,031,Greedy_oracle,2,252.0,296,44,0.027660608291625977
251120-132717,031,Greedy_oracle,3,252.0,296,45,0.027434825897216797
251120-132717,031,Greedy_oracle,4,252.0,296,46,0.027318954467773438
251119-171644,031,Random,0,129.0,546,42,0.05969691276550293
251119-171644,031,Random,1,101.0,546,43,0.05945611000061035
251119-171644,031,Random,2,114.0,546,44,0.060899972915649414
251119-171644,031,Random,3,115.0,546,45,0.05926513671875
251119-171644,031,Random,4,90.0,546,46,0.05868816375732422
251119-171644,031,Random_forward,0,216.0,546,42,0.06134510040283203
251119-171644,031,Random_forward,1,229.0,546,43,0.060801029205322266
251119-171644,031,Random_forward,2,261.0,546,44,0.059781789779663086
251119-171644,031,Random_forward,3,221.0,546,45,0.06048583984375
251119-171644,031,Random_forward,4,254.0,546,46,0.060714006423950195
251119-171644,031,Greedy_oracle,0,458.0,546,42,0.047203779220581055
251119-171644,031,Greedy_oracle,1,458.0,546,43,0.04771089553833008
251119-171644,031,Greedy_oracle,2,458.0,546,44,0.047109127044677734
251119-171644,031,Greedy_oracle,3,458.0,546,45,0.0468747615814209
251119-171644,031,Greedy_oracle,4,458.0,546,46,0.047141075134277344
251116-180749,033,Random,0,18.0,89,42,0.010098934173583984
251116-180749,033,Random,1,23.0,89,43,0.00992894172668457
251116-180749,033,Random,2,18.0,89,44,0.009926795959472656
251116-180749,033,Random,3,25.0,89,45,0.01106882095336914
251116-180749,033,Random,4,28.0,89,46,0.010478019714355469
251116-180749,033,Random_forward,0,27.0,89,42,0.00997304916381836
251116-180749,033,Random_forward,1,33.0,89,43,0.010003089904785156
251116-180749,033,Random_forward,2,42.0,89,44,0.010102033615112305
251116-180749,033,Random_forward,3,40.0,89,45,0.010143041610717773
251116-180749,033,Random_forward,4,40.0,89,46,0.010397911071777344
251116-180749,033,Greedy_oracle,0,77.0,89,42,0.008758783340454102
251116-180749,033,Greedy_oracle,1,76.0,89,43,0.008414268493652344
251116-180749,033,Greedy_oracle,2,76.0,89,44,0.008666038513183594
251116-180749,033,Greedy_oracle,3,77.0,89,45,0.008674144744873047
251116-180749,033,Greedy_oracle,4,76.0,89,46,0.008536100387573242
251115-180903,033,Random,0,22.0,96,42,0.010912418365478516
251115-180903,033,Random,1,21.0,96,43,0.010254859924316406
251115-180903,033,Random,2,10.0,96,44,0.010138988494873047
251115-180903,033,Random,3,18.0,96,45,0.010409832000732422
251115-180903,033,Random,4,14.0,96,46,0.011109113693237305
251115-180903,033,Random_forward,0,60.0,96,42,0.010974884033203125
251115-180903,033,Random_forward,1,44.0,96,43,0.011059999465942383
251115-180903,033,Random_forward,2,42.0,96,44,0.011169195175170898
251115-180903,033,Random_forward,3,45.0,96,45,0.010720968246459961
251115-180903,033,Random_forward,4,60.0,96,46,0.010973930358886719
251115-180903,033,Greedy_oracle,0,82.0,96,42,0.00923299789428711
251115-180903,033,Greedy_oracle,1,82.0,96,43,0.009154081344604492
251115-180903,033,Greedy_oracle,2,82.0,96,44,0.009239912033081055
251115-180903,033,Greedy_oracle,3,82.0,96,45,0.009112834930419922
251115-180903,033,Greedy_oracle,4,82.0,96,46,0.009105920791625977
251113-230441,033,Random,0,22.0,67,42,0.007817983627319336
251113-230441,033,Random,1,5.0,67,43,0.0065610408782958984
251113-230441,033,Random,2,10.0,67,44,0.007411956787109375
251113-230441,033,Random,3,14.0,67,45,0.007549762725830078
251113-230441,033,Random,4,14.0,67,46,0.007763862609863281
251113-230441,033,Random_forward,0,44.0,67,42,0.007917165756225586
251113-230441,033,Random_forward,1,28.0,67,43,0.00776219367980957
251113-230441,033,Random_forward,2,31.0,67,44,0.007420778274536133
251113-230441,033,Random_forward,3,35.0,67,45,0.007908821105957031
251113-230441,033,Random_forward,4,42.0,67,46,0.0076847076416015625
251113-230441,033,Greedy_oracle,0,58.0,67,42,0.006081104278564453
251113-230441,033,Greedy_oracle,1,58.0,67,43,0.0066509246826171875
251113-230441,033,Greedy_oracle,2,58.0,67,44,0.006313800811767578
251113-230441,033,Greedy_oracle,3,58.0,67,45,0.006293058395385742
251113-230441,033,Greedy_oracle,4,58.0,67,46,0.006354808807373047
251112-225928,033,Random,0,22.0,90,42,0.0103759765625
251112-225928,033,Random,1,18.0,90,43,0.009428024291992188
251112-225928,033,Random,2,10.0,90,44,0.009022951126098633
251112-225928,033,Random,3,14.0,90,45,0.010131120681762695
251112-225928,033,Random,4,14.0,90,46,0.01050877571105957
251112-225928,033,Random_forward,0,54.0,90,42,0.010298013687133789
251112-225928,033,Random_forward,1,42.0,90,43,0.010250091552734375
251112-225928,033,Random_forward,2,42.0,90,44,0.010295867919921875
251112-225928,033,Random_forward,3,39.0,90,45,0.010323047637939453
251112-225928,033,Random_forward,4,54.0,90,46,0.00982809066772461
251112-225928,033,Greedy_oracle,0,78.0,90,42,0.008513927459716797
251112-225928,033,Greedy_oracle,1,78.0,90,43,0.008389949798583984
251112-225928,033,Greedy_oracle,2,78.0,90,44,0.008561134338378906
251112-225928,033,Greedy_oracle,3,78.0,90,45,0.008636951446533203
251112-225928,033,Greedy_oracle,4,78.0,90,46,0.00836801528930664
251111-225736,033,Random,0,22.0,69,42,0.0074617862701416016
251111-225736,033,Random,1,13.0,69,43,0.007525205612182617
251111-225736,033,Random,2,20.0,69,44,0.007203817367553711
251111-225736,033,Random,3,11.0,69,45,0.0075380802154541016
251111-225736,033,Random,4,9.0,69,46,0.0074388980865478516
251111-225736,033,Random_forward,0,33.0,69,42,0.007631778717041016
251111-225736,033,Random_forward,1,27.0,69,43,0.007583141326904297
251111-225736,033,Random_forward,2,39.0,69,44,0.00750279426574707
251111-225736,033,Random_forward,3,35.0,69,45,0.007463216781616211
251111-225736,033,Random_forward,4,28.0,69,46,0.007598876953125
251111-225736,033,Greedy_oracle,0,61.0,69,42,0.006356954574584961
251111-225736,033,Greedy_oracle,1,61.0,69,43,0.006405830383300781
251111-225736,033,Greedy_oracle,2,61.0,69,44,0.006448984146118164
251111-225736,033,Greedy_oracle,3,63.0,69,45,0.006428956985473633
251111-225736,033,Greedy_oracle,4,63.0,69,46,0.006501197814941406
251109-230458,033,Random,0,16.0,51,42,0.005609035491943359
251109-230458,033,Random,1,13.0,51,43,0.005378246307373047
251109-230458,033,Random,2,20.0,51,44,0.0056760311126708984
251109-230458,033,Random,3,11.0,51,45,0.005583763122558594
251109-230458,033,Random,4,9.0,51,46,0.0057027339935302734
251109-230458,033,Random_forward,0,22.0,51,42,0.005595207214355469
251109-230458,033,Random_forward,1,17.0,51,43,0.005787849426269531
251109-230458,033,Random_forward,2,34.0,51,44,0.005656003952026367
251109-230458,033,Random_forward,3,18.0,51,45,0.005618095397949219
251109-230458,033,Random_forward,4,16.0,51,46,0.0056362152099609375
251109-230458,033,Greedy_oracle,0,44.0,51,42,0.005000114440917969
251109-230458,033,Greedy_oracle,1,44.0,51,43,0.0048329830169677734
251109-230458,033,Greedy_oracle,2,44.0,51,44,0.004781007766723633
251109-230458,033,Greedy_oracle,3,47.0,51,45,0.004709005355834961
251109-230458,033,Greedy_oracle,4,47.0,51,46,0.004847288131713867
251108-230846,033,Random,0,28.0,128,42,0.014760971069335938
251108-230846,033,Random,1,30.0,128,43,0.013635873794555664
251108-230846,033,Random,2,11.0,128,44,0.013617992401123047
251108-230846,033,Random,3,20.0,128,45,0.013808250427246094
251108-230846,033,Random,4,14.0,128,46,0.014660835266113281
251108-230846,033,Random_forward,0,71.0,128,42,0.014586925506591797
251108-230846,033,Random_forward,1,60.0,128,43,0.014809131622314453
251108-230846,033,Random_forward,2,54.0,128,44,0.014845132827758789
251108-230846,033,Random_forward,3,52.0,128,45,0.014565229415893555
251108-230846,033,Random_forward,4,66.0,128,46,0.014712810516357422
251108-230846,033,Greedy_oracle,0,110.0,128,42,0.012026786804199219
251108-230846,033,Greedy_oracle,1,110.0,128,43,0.01214599609375
251108-230846,033,Greedy_oracle,2,110.0,128,44,0.011965036392211914
251108-230846,033,Greedy_oracle,3,110.0,128,45,0.011854887008666992
251108-230846,033,Greedy_oracle,4,110.0,128,46,0.011762142181396484
251107-230429,033,Random,0,32.0,146,42,0.016602039337158203
251107-230429,033,Random,1,40.0,146,43,0.015703201293945312
251107-230429,033,Random,2,14.0,146,44,0.015167951583862305
251107-230429,033,Random,3,22.0,146,45,0.015819072723388672
251107-230429,033,Random,4,14.0,146,46,0.016363859176635742
251107-230429,033,Random_forward,0,85.0,146,42,0.016516685485839844
251107-230429,033,Random_forward,1,65.0,146,43,0.016442060470581055
251107-230429,033,Random_forward,2,63.0,146,44,0.0168459415435791
251107-230429,033,Random_forward,3,63.0,146,45,0.0166170597076416
251107-230429,033,Random_forward,4,66.0,146,46,0.016234159469604492
251107-230429,033,Greedy_oracle,0,125.0,146,42,0.013841867446899414
251107-230429,033,Greedy_oracle,1,125.0,146,43,0.013734817504882812
251107-230429,033,Greedy_oracle,2,125.0,146,44,0.013638019561767578
251107-230429,033,Greedy_oracle,3,125.0,146,45,0.01413416862487793
251107-230429,033,Greedy_oracle,4,125.0,146,46,0.013592004776000977
251106-230142,033,Random,0,87.0,285,42,0.03100109100341797
251106-230142,033,Random,1,50.0,285,43,0.031161785125732422
251106-230142,033,Random,2,84.0,285,44,0.03151106834411621
251106-230142,033,Random,3,74.0,285,45,0.030870914459228516
251106-230142,033,Random,4,68.0,285,46,0.030612945556640625
251106-230142,033,Random_forward,0,109.0,285,42,0.03207874298095703
251106-230142,033,Random_forward,1,120.0,285,43,0.031453847885131836
251106-230142,033,Random_forward,2,130.0,285,44,0.030609846115112305
251106-230142,033,Random_forward,3,138.0,285,45,0.03159785270690918
251106-230142,033,Random_forward,4,147.0,285,46,0.032257080078125
251106-230142,033,Greedy_oracle,0,240.0,285,42,0.024631738662719727
251106-230142,033,Greedy_oracle,1,240.0,285,43,0.02410101890563965
251106-230142,033,Greedy_oracle,2,240.0,285,44,0.025030851364135742
251106-230142,033,Greedy_oracle,3,240.0,285,45,0.02447199821472168
251106-230142,033,Greedy_oracle,4,240.0,285,46,0.024712085723876953
251105-230500,033,Random,0,54.0,172,42,0.019238948822021484
251105-230500,033,Random,1,24.0,172,43,0.018867969512939453
251105-230500,033,Random,2,50.0,172,44,0.01982593536376953
251105-230500,033,Random,3,48.0,172,45,0.0191192626953125
251105-230500,033,Random,4,42.0,172,46,0.019037961959838867
251105-230500,033,Random_forward,0,60.0,172,42,0.019453048706054688
251105-230500,033,Random_forward,1,66.0,172,43,0.018721818923950195
251105-230500,033,Random_forward,2,79.0,172,44,0.01875901222229004
251105-230500,033,Random_forward,3,89.0,172,45,0.019587039947509766
251105-230500,033,Random_forward,4,77.0,172,46,0.019257783889770508
251105-230500,033,Greedy_oracle,0,147.0,172,42,0.014528036117553711
251105-230500,033,Greedy_oracle,1,147.0,172,43,0.014960289001464844
251105-230500,033,Greedy_oracle,2,147.0,172,44,0.014757871627807617
251105-230500,033,Greedy_oracle,3,147.0,172,45,0.014727115631103516
251105-230500,033,Greedy_oracle,4,147.0,172,46,0.014737844467163086
251104-230415,033,Random,0,33.0,87,42,0.00946187973022461
251104-230415,033,Random,1,10.0,87,43,0.009599924087524414
251104-230415,033,Random,2,17.0,87,44,0.00959324836730957
251104-230415,033,Random,3,23.0,87,45,0.009554862976074219
251104-230415,033,Random,4,18.0,87,46,0.009785890579223633
251104-230415,033,Random_forward,0,32.0,87,42,0.009713888168334961
251104-230415,033,Random_forward,1,41.0,87,43,0.009731054306030273
251104-230415,033,Random_forward,2,34.0,87,44,0.009898900985717773
251104-230415,033,Random_forward,3,46.0,87,45,0.009597063064575195
251104-230415,033,Random_forward,4,36.0,87,46,0.010061025619506836
251104-230415,033,Greedy_oracle,0,76.0,87,42,0.007646322250366211
251104-230415,033,Greedy_oracle,1,76.0,87,43,0.0076177120208740234
251104-230415,033,Greedy_oracle,2,76.0,87,44,0.007526874542236328
251104-230415,033,Greedy_oracle,3,76.0,87,45,0.0075380802154541016
251104-230415,033,Greedy_oracle,4,76.0,87,46,0.007597208023071289
260201-212331,033,Random,0,52.0,294,42,0.033020973205566406
260201-212331,033,Random,1,64.0,294,43,0.032724857330322266
260201-212331,033,Random,2,46.0,294,44,0.03347015380859375
260201-212331,033,Random,3,22.0,294,45,0.033418893814086914
260201-212331,033,Random,4,40.0,294,46,0.03321504592895508
260201-212331,033,Random_forward,0,105.0,294,42,0.03304696083068848
260201-212331,033,Random_forward,1,111.0,294,43,0.03368496894836426
260201-212331,033,Random_forward,2,108.0,294,44,0.03365969657897949
260201-212331,033,Random_forward,3,108.0,294,45,0.03375506401062012
260201-212331,033,Random_forward,4,127.0,294,46,0.0330808162689209
260201-212331,033,Greedy_oracle,0,250.0,294,42,0.027962923049926758
260201-212331,033,Greedy_oracle,1,250.0,294,43,0.02757883071899414
260201-212331,033,Greedy_oracle,2,250.0,294,44,0.027931928634643555
260201-212331,033,Greedy_oracle,3,250.0,294,45,0.02774977684020996
260201-212331,033,Greedy_oracle,4,250.0,294,46,0.027288198471069336
260202-202543,033,Random,0,40.0,236,42,0.02655792236328125
260202-202543,033,Random,1,56.0,236,43,0.026543140411376953
260202-202543,033,Random,2,41.0,236,44,0.026456117630004883
260202-202543,033,Random,3,13.0,236,45,0.026348114013671875
260202-202543,033,Random,4,39.0,236,46,0.02655196189880371
260202-202543,033,Random_forward,0,85.0,236,42,0.026566028594970703
260202-202543,033,Random_forward,1,96.0,236,43,0.02655315399169922
260202-202543,033,Random_forward,2,93.0,236,44,0.027743101119995117
260202-202543,033,Random_forward,3,97.0,236,45,0.027397871017456055
260202-202543,033,Random_forward,4,110.0,236,46,0.03147006034851074
260202-202543,033,Greedy_oracle,0,201.0,236,42,0.0233001708984375
260202-202543,033,Greedy_oracle,1,201.0,236,43,0.022370100021362305
260202-202543,033,Greedy_oracle,2,201.0,236,44,0.022198915481567383
260202-202543,033,Greedy_oracle,3,202.0,236,45,0.02202010154724121
260202-202543,033,Greedy_oracle,4,202.0,236,46,0.022297143936157227
260203-171228,033,Random,0,42.0,255,42,0.028490066528320312
260203-171228,033,Random,1,63.0,255,43,0.029208898544311523
260203-171228,033,Random,2,41.0,255,44,0.028380155563354492
260203-171228,033,Random,3,17.0,255,45,0.02850794792175293
260203-171228,033,Random,4,39.0,255,46,0.028142213821411133
260203-171228,033,Random_forward,0,95.0,255,42,0.028456926345825195
260203-171228,033,Random_forward,1,101.0,255,43,0.028551101684570312
260203-171228,033,Random_forward,2,96.0,255,44,0.028656959533691406
260203-171228,033,Random_forward,3,99.0,255,45,0.02874279022216797
260203-171228,033,Random_forward,4,124.0,255,46,0.028270959854125977
260203-171228,033,Greedy_oracle,0,217.0,255,42,0.02393507957458496
260203-171228,033,Greedy_oracle,1,217.0,255,43,0.023843050003051758
260203-171228,033,Greedy_oracle,2,217.0,255,44,0.02391195297241211
260203-171228,033,Greedy_oracle,3,218.0,255,45,0.023944854736328125
260203-171228,033,Greedy_oracle,4,218.0,255,46,0.023944854736328125
260204-193925,033,Random,0,27.0,151,42,0.01668405532836914
260204-193925,033,Random,1,40.0,151,43,0.016851186752319336
260204-193925,033,Random,2,39.0,151,44,0.016915082931518555
260204-193925,033,Random,3,13.0,151,45,0.01705002784729004
260204-193925,033,Random,4,28.0,151,46,0.016930103302001953
260204-193925,033,Random_forward,0,66.0,151,42,0.017174959182739258
260204-193925,033,Random_forward,1,62.0,151,43,0.017262697219848633
260204-193925,033,Random_forward,2,56.0,151,44,0.017328739166259766
260204-193925,033,Random_forward,3,55.0,151,45,0.017058610916137695
260204-193925,033,Random_forward,4,77.0,151,46,0.016846895217895508
260204-193925,033,Greedy_oracle,0,129.0,151,42,0.014184951782226562
260204-193925,033,Greedy_oracle,1,129.0,151,43,0.014059066772460938
260204-193925,033,Greedy_oracle,2,129.0,151,44,0.014487028121948242
260204-193925,033,Greedy_oracle,3,129.0,151,45,0.014639854431152344
260204-193925,033,Greedy_oracle,4,129.0,151,46,0.014503955841064453
260205-191855,033,Random,0,21.0,127,42,0.014096975326538086
260205-191855,033,Random,1,34.0,127,43,0.013953208923339844
260205-191855,033,Random,2,28.0,127,44,0.013340950012207031
260205-191855,033,Random,3,13.0,127,45,0.014250040054321289
260205-191855,033,Random,4,28.0,127,46,0.015034914016723633
260205-191855,033,Random_forward,0,50.0,127,42,0.015308141708374023
260205-191855,033,Random_forward,1,49.0,127,43,0.014631986618041992
260205-191855,033,Random_forward,2,45.0,127,44,0.014716148376464844
260205-191855,033,Random_forward,3,52.0,127,45,0.014421701431274414
260205-191855,033,Random_forward,4,69.0,127,46,0.014646053314208984
260205-191855,033,Greedy_oracle,0,109.0,127,42,0.012076854705810547
260205-191855,033,Greedy_oracle,1,109.0,127,43,0.012179136276245117
260205-191855,033,Greedy_oracle,2,109.0,127,44,0.01308894157409668
260205-191855,033,Greedy_oracle,3,108.0,127,45,0.012996912002563477
260205-191855,033,Greedy_oracle,4,108.0,127,46,0.012708902359008789
260206-144834,033,Random,0,98.0,518,42,0.0601809024810791
260206-144834,033,Random,1,112.0,518,43,0.059095144271850586
260206-144834,033,Random,2,66.0,518,44,0.058673858642578125
260206-144834,033,Random,3,53.0,518,45,0.05827188491821289
260206-144834,033,Random,4,46.0,518,46,0.05975699424743652
260206-144834,033,Random_forward,0,189.0,518,42,0.059242963790893555
260206-144834,033,Random_forward,1,208.0,518,43,0.05879402160644531
260206-144834,033,Random_forward,2,191.0,518,44,0.06014204025268555
260206-144834,033,Random_forward,3,160.0,518,45,0.059578895568847656
260206-144834,033,Random_forward,4,207.0,518,46,0.05906987190246582
260206-144834,033,Greedy_oracle,0,440.0,518,42,0.04901599884033203
260206-144834,033,Greedy_oracle,1,440.0,518,43,0.04917097091674805
260206-144834,033,Greedy_oracle,2,440.0,518,44,0.04976987838745117
260206-144834,033,Greedy_oracle,3,441.0,518,45,0.049127817153930664
260206-144834,033,Greedy_oracle,4,441.0,518,46,0.04896998405456543
260208-145358,033,Random,0,40.0,234,42,0.02698683738708496
260208-145358,033,Random,1,56.0,234,43,0.027058839797973633
260208-145358,033,Random,2,41.0,234,44,0.027203798294067383
260208-145358,033,Random,3,13.0,234,45,0.02681708335876465
260208-145358,033,Random,4,39.0,234,46,0.026851177215576172
260208-145358,033,Random_forward,0,84.0,234,42,0.026836872100830078
260208-145358,033,Random_forward,1,96.0,234,43,0.0277707576751709
260208-145358,033,Random_forward,2,92.0,234,44,0.02724599838256836
260208-145358,033,Random_forward,3,97.0,234,45,0.02676677703857422
260208-145358,033,Random_forward,4,108.0,234,46,0.027391910552978516
260208-145358,033,Greedy_oracle,0,199.0,234,42,0.021958351135253906
260208-145358,033,Greedy_oracle,1,199.0,234,43,0.022298097610473633
260208-145358,033,Greedy_oracle,2,199.0,234,44,0.02265310287475586
260208-145358,033,Greedy_oracle,3,200.0,234,45,0.02216315269470215
260208-145358,033,Greedy_oracle,4,200.0,234,46,0.022668123245239258
260209-143612,033,Random,0,37.0,223,42,0.0269927978515625
260209-143612,033,Random,1,55.0,223,43,0.025475025177001953
260209-143612,033,Random,2,41.0,223,44,0.025398731231689453
260209-143612,033,Random,3,13.0,223,45,0.024791240692138672
260209-143612,033,Random,4,39.0,223,46,0.025552988052368164
260209-143612,033,Random_forward,0,80.0,223,42,0.0250701904296875
260209-143612,033,Random_forward,1,88.0,223,43,0.025599956512451172
260209-143612,033,Random_forward,2,91.0,223,44,0.025365114212036133
260209-143612,033,Random_forward,3,96.0,223,45,0.0254971981048584
260209-143612,033,Random_forward,4,102.0,223,46,0.025255918502807617
260209-143612,033,Greedy_oracle,0,190.0,223,42,0.020741939544677734
260209-143612,033,Greedy_oracle,1,190.0,223,43,0.020586013793945312
260209-143612,033,Greedy_oracle,2,190.0,223,44,0.020987987518310547
260209-143612,033,Greedy_oracle,3,190.0,223,45,0.02148723602294922
260209-143612,033,Greedy_oracle,4,190.0,223,46,0.021722078323364258
260210-142932,033,Random,0,40.0,236,42,0.026149272918701172
260210-142932,033,Random,1,56.0,236,43,0.027035236358642578
260210-142932,033,Random,2,41.0,236,44,0.026233911514282227
260210-142932,033,Random,3,13.0,236,45,0.026357173919677734
260210-142932,033,Random,4,39.0,236,46,0.02650618553161621
260210-142932,033,Random_forward,0,85.0,236,42,0.02663707733154297
260210-142932,033,Random_forward,1,96.0,236,43,0.02678394317626953
260210-142932,033,Random_forward,2,93.0,236,44,0.026992082595825195
260210-142932,033,Random_forward,3,97.0,236,45,0.027218103408813477
260210-142932,033,Random_forward,4,110.0,236,46,0.02676105499267578
260210-142932,033,Greedy_oracle,0,201.0,236,42,0.022064924240112305
260210-142932,033,Greedy_oracle,1,201.0,236,43,0.021634817123413086
260210-142932,033,Greedy_oracle,2,201.0,236,44,0.022233009338378906
260210-142932,033,Greedy_oracle,3,202.0,236,45,0.02277517318725586
260210-142932,033,Greedy_oracle,4,202.0,236,46,0.02267909049987793
260211-143636,033,Random,0,50.0,283,42,0.03161907196044922
260211-143636,033,Random,1,64.0,283,43,0.03181886672973633
260211-143636,033,Random,2,42.0,283,44,0.032576560974121094
260211-143636,033,Random,3,22.0,283,45,0.031456947326660156
260211-143636,033,Random,4,40.0,283,46,0.03227424621582031
260211-143636,033,Random_forward,0,98.0,283,42,0.03230690956115723
260211-143636,033,Random_forward,1,111.0,283,43,0.033081769943237305
260211-143636,033,Random_forward,2,108.0,283,44,0.03226900100708008
260211-143636,033,Random_forward,3,108.0,283,45,0.03209114074707031
260211-143636,033,Random_forward,4,126.0,283,46,0.031707048416137695
260211-143636,033,Greedy_oracle,0,241.0,283,42,0.02665996551513672
260211-143636,033,Greedy_oracle,1,241.0,283,43,0.0262911319732666
260211-143636,033,Greedy_oracle,2,241.0,283,44,0.02659916877746582
260211-143636,033,Greedy_oracle,3,241.0,283,45,0.026141881942749023
260211-143636,033,Greedy_oracle,4,241.0,283,46,0.027021169662475586
260213-001923,033,Random,0,42.0,250,42,0.02797532081604004
260213-001923,033,Random,1,62.0,250,43,0.028931140899658203
260213-001923,033,Random,2,41.0,250,44,0.028078079223632812
260213-001923,033,Random,3,14.0,250,45,0.027560949325561523
260213-001923,033,Random,4,39.0,250,46,0.027979135513305664
260213-001923,033,Random_forward,0,95.0,250,42,0.027589082717895508
260213-001923,033,Random_forward,1,97.0,250,43,0.02826690673828125
260213-001923,033,Random_forward,2,96.0,250,44,0.02900409698486328
260213-001923,033,Random_forward,3,98.0,250,45,0.02836298942565918
260213-001923,033,Random_forward,4,119.0,250,46,0.02793288230895996
260213-001923,033,Greedy_oracle,0,213.0,250,42,0.0232698917388916
260213-001923,033,Greedy_oracle,1,213.0,250,43,0.02379775047302246
260213-001923,033,Greedy_oracle,2,213.0,250,44,0.023005247116088867
260213-001923,033,Greedy_oracle,3,213.0,250,45,0.023675918579101562
260213-001923,033,Greedy_oracle,4,213.0,250,46,0.023660898208618164
260213-223917,033,Random,0,42.0,257,42,0.028827905654907227
260213-223917,033,Random,1,63.0,257,43,0.02928328514099121
260213-223917,033,Random,2,41.0,257,44,0.028532981872558594
260213-223917,033,Random,3,18.0,257,45,0.02892017364501953
260213-223917,033,Random,4,39.0,257,46,0.028332233428955078
260213-223917,033,Random_forward,0,95.0,257,42,0.02909111976623535
260213-223917,033,Random_forward,1,103.0,257,43,0.029129981994628906
260213-223917,033,Random_forward,2,97.0,257,44,0.028853893280029297
260213-223917,033,Random_forward,3,101.0,257,45,0.02945089340209961
260213-223917,033,Random_forward,4,125.0,257,46,0.029130220413208008
260213-223917,033,Greedy_oracle,0,219.0,257,42,0.024219989776611328
260213-223917,033,Greedy_oracle,1,219.0,257,43,0.023939847946166992
260213-223917,033,Greedy_oracle,2,219.0,257,44,0.024004220962524414
260213-223917,033,Greedy_oracle,3,219.0,257,45,0.024213075637817383
260213-223917,033,Greedy_oracle,4,219.0,257,46,0.024407148361206055
260216-230300,033,Random,0,47.0,270,42,0.02979302406311035
260216-230300,033,Random,1,64.0,270,43,0.0305020809173584
260216-230300,033,Random,2,42.0,270,44,0.029967784881591797
260216-230300,033,Random,3,21.0,270,45,0.02949690818786621
260216-230300,033,Random,4,39.0,270,46,0.03066420555114746
260216-230300,033,Random_forward,0,96.0,270,42,0.030018091201782227
260216-230300,033,Random_forward,1,110.0,270,43,0.030356884002685547
260216-230300,033,Random_forward,2,102.0,270,44,0.03040313720703125
260216-230300,033,Random_forward,3,108.0,270,45,0.030267000198364258
260216-230300,033,Random_forward,4,126.0,270,46,0.03014993667602539
260216-230300,033,Greedy_oracle,0,230.0,270,42,0.025624990463256836
260216-230300,033,Greedy_oracle,1,230.0,270,43,0.025696754455566406
260216-230300,033,Greedy_oracle,2,230.0,270,44,0.02525186538696289
260216-230300,033,Greedy_oracle,3,230.0,270,45,0.025551795959472656
260216-230300,033,Greedy_oracle,4,230.0,270,46,0.025663137435913086
260217-193501,033,Random,0,42.0,242,42,0.027206897735595703
260217-193501,033,Random,1,59.0,242,43,0.02775096893310547
260217-193501,033,Random,2,41.0,242,44,0.02666187286376953
260217-193501,033,Random,3,13.0,242,45,0.02716970443725586
260217-193501,033,Random,4,39.0,242,46,0.02689385414123535
260217-193501,033,Random_forward,0,89.0,242,42,0.026955842971801758
260217-193501,033,Random_forward,1,96.0,242,43,0.02758312225341797
260217-193501,033,Random_forward,2,96.0,242,44,0.027358055114746094
260217-193501,033,Random_forward,3,98.0,242,45,0.027340173721313477
260217-193501,033,Random_forward,4,113.0,242,46,0.026808977127075195
260217-193501,033,Greedy_oracle,0,206.0,242,42,0.022572040557861328
260217-193501,033,Greedy_oracle,1,206.0,242,43,0.022468090057373047
260217-193501,033,Greedy_oracle,2,206.0,242,44,0.022314071655273438
260217-193501,033,Greedy_oracle,3,206.0,242,45,0.022458791732788086
260217-193501,033,Greedy_oracle,4,206.0,242,46,0.022976160049438477
260218-180723,033,Random,0,49.0,291,42,0.03174185752868652
260218-180723,033,Random,1,49.0,291,43,0.03120708465576172
260218-180723,033,Random,2,56.0,291,44,0.030930280685424805
260218-180723,033,Random,3,47.0,291,45,0.031240224838256836
260218-180723,033,Random,4,26.0,291,46,0.03161907196044922
260218-180723,033,Random_forward,0,55.0,291,42,0.03175997734069824
260218-180723,033,Random_forward,1,83.0,291,43,0.031301259994506836
260218-180723,033,Random_forward,2,116.0,291,44,0.03162980079650879
260218-180723,033,Random_forward,3,105.0,291,45,0.031241178512573242
260218-180723,033,Random_forward,4,120.0,291,46,0.03142094612121582
260218-180723,033,Greedy_oracle,0,269.0,291,42,0.025416851043701172
260218-180723,033,Greedy_oracle,1,269.0,291,43,0.025628089904785156
260218-180723,033,Greedy_oracle,2,269.0,291,44,0.025341033935546875
260218-180723,033,Greedy_oracle,3,272.0,291,45,0.025487899780273438
260218-180723,033,Greedy_oracle,4,272.0,291,46,0.025959014892578125
260219-233757,033,Random,0,28.0,175,42,0.018970012664794922
260219-233757,033,Random,1,27.0,175,43,0.01895308494567871
260219-233757,033,Random,2,37.0,175,44,0.018290996551513672
260219-233757,033,Random,3,36.0,175,45,0.018864154815673828
260219-233757,033,Random,4,26.0,175,46,0.019942045211791992
260219-233757,033,Random_forward,0,28.0,175,42,0.020280122756958008
260219-233757,033,Random_forward,1,70.0,175,43,0.019124984741210938
260219-233757,033,Random_forward,2,70.0,175,44,0.020006179809570312
260219-233757,033,Random_forward,3,77.0,175,45,0.01900196075439453
260219-233757,033,Random_forward,4,84.0,175,46,0.019260883331298828
260219-233757,033,Greedy_oracle,0,160.0,175,42,0.015249013900756836
260219-233757,033,Greedy_oracle,1,160.0,175,43,0.015582084655761719
260219-233757,033,Greedy_oracle,2,160.0,175,44,0.015687942504882812
260219-233757,033,Greedy_oracle,3,163.0,175,45,0.015532732009887695
260219-233757,033,Greedy_oracle,4,163.0,175,46,0.01533198356628418
260220-185055,033,Random,0,39.0,246,42,0.026835918426513672
260220-185055,033,Random,1,37.0,246,43,0.02668309211730957
260220-185055,033,Random,2,47.0,246,44,0.025789976119995117
260220-185055,033,Random,3,42.0,246,45,0.02681112289428711
260220-185055,033,Random,4,26.0,246,46,0.026327133178710938
260220-185055,033,Random_forward,0,55.0,246,42,0.026688814163208008
260220-185055,033,Random_forward,1,83.0,246,43,0.026784896850585938
260220-185055,033,Random_forward,2,109.0,246,44,0.026930809020996094
260220-185055,033,Random_forward,3,84.0,246,45,0.026922941207885742
260220-185055,033,Random_forward,4,105.0,246,46,0.026838064193725586
260220-185055,033,Greedy_oracle,0,227.0,246,42,0.021775245666503906
260220-185055,033,Greedy_oracle,1,227.0,246,43,0.021937847137451172
260220-185055,033,Greedy_oracle,2,227.0,246,44,0.02192997932434082
260220-185055,033,Greedy_oracle,3,230.0,246,45,0.02139902114868164
260220-185055,033,Greedy_oracle,4,230.0,246,46,0.02145671844482422
260222-190726,033,Random,0,24.0,151,42,0.016510009765625
260222-190726,033,Random,1,27.0,151,43,0.016127824783325195
260222-190726,033,Random,2,36.0,151,44,0.016205787658691406
260222-190726,033,Random,3,29.0,151,45,0.016685962677001953
260222-190726,033,Random,4,24.0,151,46,0.016708850860595703
260222-190726,033,Random_forward,0,28.0,151,42,0.016711950302124023
260222-190726,033,Random_forward,1,70.0,151,43,0.016297340393066406
260222-190726,033,Random_forward,2,68.0,151,44,0.0164029598236084
260222-190726,033,Random_forward,3,57.0,151,45,0.016350984573364258
260222-190726,033,Random_forward,4,73.0,151,46,0.0164339542388916
260222-190726,033,Greedy_oracle,0,138.0,151,42,0.013328075408935547
260222-190726,033,Greedy_oracle,1,138.0,151,43,0.013223886489868164
260222-190726,033,Greedy_oracle,2,138.0,151,44,0.013318777084350586
260222-190726,033,Greedy_oracle,3,141.0,151,45,0.013400077819824219
260222-190726,033,Greedy_oracle,4,141.0,151,46,0.013338804244995117
260223-191545,033,Random,0,24.0,131,42,0.014132022857666016
260223-191545,033,Random,1,27.0,131,43,0.014135122299194336
260223-191545,033,Random,2,34.0,131,44,0.013850927352905273
260223-191545,033,Random,3,18.0,131,45,0.014086246490478516
260223-191545,033,Random,4,24.0,131,46,0.014320135116577148
260223-191545,033,Random_forward,0,28.0,131,42,0.01416921615600586
260223-191545,033,Random_forward,1,63.0,131,43,0.014569997787475586
260223-191545,033,Random_forward,2,56.0,131,44,0.014402627944946289
260223-191545,033,Random_forward,3,51.0,131,45,0.014510154724121094
260223-191545,033,Random_forward,4,58.0,131,46,0.014408111572265625
260223-191545,033,Greedy_oracle,0,119.0,131,42,0.012144804000854492
260223-191545,033,Greedy_oracle,1,119.0,131,43,0.011917829513549805
260223-191545,033,Greedy_oracle,2,119.0,131,44,0.011683940887451172
260223-191545,033,Greedy_oracle,3,122.0,131,45,0.011748790740966797
260223-191545,033,Greedy_oracle,4,122.0,131,46,0.011619091033935547
