exp_moment,model,seed,total_reward,n_actions,animal_ID
260124-225237,FullFwd,42,53.0,258,033
260124-225237,FullFwd,43,84.0,258,033
260124-225237,FullFwd,44,63.0,258,033
260124-225237,FullFwd,45,41.0,258,033
260124-225237,FullFwd,46,14.0,258,033
260124-225237,NoBkFullFwd,42,125.0,258,033
260124-225237,NoBkFullFwd,43,134.0,258,033
260124-225237,NoBkFullFwd,44,149.0,258,033
260124-225237,NoBkFullFwd,45,166.0,258,033
260124-225237,NoBkFullFwd,46,152.0,258,033
260124-225237,Clone_ego,42,97.0,258,033
260124-225237,Clone_ego,43,111.0,258,033
260124-225237,Clone_ego,44,80.0,258,033
260124-225237,Clone_ego,45,84.0,258,033
260124-225237,Clone_ego,46,80.0,258,033
260124-225237,Clone_allo_real,42,39.0,258,033
260124-225237,Clone_allo_real,43,52.0,258,033
260124-225237,Clone_allo_real,44,48.0,258,033
260124-225237,Clone_allo_real,45,64.0,258,033
260124-225237,Clone_allo_real,46,51.0,258,033
260124-225237,Clone_allo_latent,42,39.0,258,033
260124-225237,Clone_allo_latent,43,38.0,258,033
260124-225237,Clone_allo_latent,44,54.0,258,033
260124-225237,Clone_allo_latent,45,52.0,258,033
260124-225237,Clone_allo_latent,46,27.0,258,033
260123-141609,FullFwd,42,27.0,98,033
260123-141609,FullFwd,43,35.0,98,033
260123-141609,FullFwd,44,34.0,98,033
260123-141609,FullFwd,45,13.0,98,033
260123-141609,FullFwd,46,11.0,98,033
260123-141609,NoBkFullFwd,42,54.0,98,033
260123-141609,NoBkFullFwd,43,50.0,98,033
260123-141609,NoBkFullFwd,44,55.0,98,033
260123-141609,NoBkFullFwd,45,63.0,98,033
260123-141609,NoBkFullFwd,46,57.0,98,033
260123-141609,Clone_ego,42,28.0,98,033
260123-141609,Clone_ego,43,34.0,98,033
260123-141609,Clone_ego,44,42.0,98,033
260123-141609,Clone_ego,45,41.0,98,033
260123-141609,Clone_ego,46,13.0,98,033
260123-141609,Clone_allo_real,42,14.0,98,033
260123-141609,Clone_allo_real,43,25.0,98,033
260123-141609,Clone_allo_real,44,26.0,98,033
260123-141609,Clone_allo_real,45,32.0,98,033
260123-141609,Clone_allo_real,46,24.0,98,033
260123-141609,Clone_allo_latent,42,14.0,98,033
260123-141609,Clone_allo_latent,43,11.0,98,033
260123-141609,Clone_allo_latent,44,23.0,98,033
260123-141609,Clone_allo_latent,45,32.0,98,033
260123-141609,Clone_allo_latent,46,24.0,98,033
260121-174047,FullFwd,42,29.0,157,033
260121-174047,FullFwd,43,40.0,157,033
260121-174047,FullFwd,44,27.0,157,033
260121-174047,FullFwd,45,52.0,157,033
260121-174047,FullFwd,46,14.0,157,033
260121-174047,NoBkFullFwd,42,82.0,157,033
260121-174047,NoBkFullFwd,43,82.0,157,033
260121-174047,NoBkFullFwd,44,91.0,157,033
260121-174047,NoBkFullFwd,45,97.0,157,033
260121-174047,NoBkFullFwd,46,96.0,157,033
260121-174047,Clone_ego,42,61.0,157,033
260121-174047,Clone_ego,43,41.0,157,033
260121-174047,Clone_ego,44,55.0,157,033
260121-174047,Clone_ego,45,35.0,157,033
260121-174047,Clone_ego,46,55.0,157,033
260121-174047,Clone_allo_real,42,20.0,157,033
260121-174047,Clone_allo_real,43,25.0,157,033
260121-174047,Clone_allo_real,44,41.0,157,033
260121-174047,Clone_allo_real,45,33.0,157,033
260121-174047,Clone_allo_real,46,14.0,157,033
260121-174047,Clone_allo_latent,42,19.0,157,033
260121-174047,Clone_allo_latent,43,25.0,157,033
260121-174047,Clone_allo_latent,44,34.0,157,033
260121-174047,Clone_allo_latent,45,28.0,157,033
260121-174047,Clone_allo_latent,46,28.0,157,033
260119-172108,FullFwd,42,53.0,195,033
260119-172108,FullFwd,43,55.0,195,033
260119-172108,FullFwd,44,33.0,195,033
260119-172108,FullFwd,45,65.0,195,033
260119-172108,FullFwd,46,14.0,195,033
260119-172108,NoBkFullFwd,42,96.0,195,033
260119-172108,NoBkFullFwd,43,111.0,195,033
260119-172108,NoBkFullFwd,44,97.0,195,033
260119-172108,NoBkFullFwd,45,127.0,195,033
260119-172108,NoBkFullFwd,46,109.0,195,033
260119-172108,Clone_ego,42,62.0,195,033
260119-172108,Clone_ego,43,54.0,195,033
260119-172108,Clone_ego,44,41.0,195,033
260119-172108,Clone_ego,45,62.0,195,033
260119-172108,Clone_ego,46,84.0,195,033
260119-172108,Clone_allo_real,42,13.0,195,033
260119-172108,Clone_allo_real,43,35.0,195,033
260119-172108,Clone_allo_real,44,39.0,195,033
260119-172108,Clone_allo_real,45,36.0,195,033
260119-172108,Clone_allo_real,46,14.0,195,033
260119-172108,Clone_allo_latent,42,27.0,195,033
260119-172108,Clone_allo_latent,43,35.0,195,033
260119-172108,Clone_allo_latent,44,36.0,195,033
260119-172108,Clone_allo_latent,45,36.0,195,033
260119-172108,Clone_allo_latent,46,14.0,195,033
260117-175942,FullFwd,42,28.0,135,033
260117-175942,FullFwd,43,40.0,135,033
260117-175942,FullFwd,44,27.0,135,033
260117-175942,FullFwd,45,50.0,135,033
260117-175942,FullFwd,46,14.0,135,033
260117-175942,NoBkFullFwd,42,70.0,135,033
260117-175942,NoBkFullFwd,43,80.0,135,033
260117-175942,NoBkFullFwd,44,73.0,135,033
260117-175942,NoBkFullFwd,45,83.0,135,033
260117-175942,NoBkFullFwd,46,80.0,135,033
260117-175942,Clone_ego,42,56.0,135,033
260117-175942,Clone_ego,43,21.0,135,033
260117-175942,Clone_ego,44,20.0,135,033
260117-175942,Clone_ego,45,54.0,135,033
260117-175942,Clone_ego,46,19.0,135,033
260117-175942,Clone_allo_real,42,10.0,135,033
260117-175942,Clone_allo_real,43,25.0,135,033
260117-175942,Clone_allo_real,44,28.0,135,033
260117-175942,Clone_allo_real,45,24.0,135,033
260117-175942,Clone_allo_real,46,22.0,135,033
260117-175942,Clone_allo_latent,42,10.0,135,033
260117-175942,Clone_allo_latent,43,25.0,135,033
260117-175942,Clone_allo_latent,44,28.0,135,033
260117-175942,Clone_allo_latent,45,24.0,135,033
260117-175942,Clone_allo_latent,46,14.0,135,033
260116-175247,FullFwd,42,44.0,179,033
260116-175247,FullFwd,43,51.0,179,033
260116-175247,FullFwd,44,27.0,179,033
260116-175247,FullFwd,45,56.0,179,033
260116-175247,FullFwd,46,14.0,179,033
260116-175247,NoBkFullFwd,42,83.0,179,033
260116-175247,NoBkFullFwd,43,100.0,179,033
260116-175247,NoBkFullFwd,44,96.0,179,033
260116-175247,NoBkFullFwd,45,119.0,179,033
260116-175247,NoBkFullFwd,46,97.0,179,033
260116-175247,Clone_ego,42,66.0,179,033
260116-175247,Clone_ego,43,76.0,179,033
260116-175247,Clone_ego,44,49.0,179,033
260116-175247,Clone_ego,45,65.0,179,033
260116-175247,Clone_ego,46,69.0,179,033
260116-175247,Clone_allo_real,42,40.0,179,033
260116-175247,Clone_allo_real,43,32.0,179,033
260116-175247,Clone_allo_real,44,41.0,179,033
260116-175247,Clone_allo_real,45,38.0,179,033
260116-175247,Clone_allo_real,46,14.0,179,033
260116-175247,Clone_allo_latent,42,23.0,179,033
260116-175247,Clone_allo_latent,43,32.0,179,033
260116-175247,Clone_allo_latent,44,35.0,179,033
260116-175247,Clone_allo_latent,45,32.0,179,033
260116-175247,Clone_allo_latent,46,14.0,179,033
251231-172527,FullFwd,42,28.0,121,031
251231-172527,FullFwd,43,38.0,121,031
251231-172527,FullFwd,44,27.0,121,031
251231-172527,FullFwd,45,41.0,121,031
251231-172527,FullFwd,46,14.0,121,031
251231-172527,NoBkFullFwd,42,59.0,121,031
251231-172527,NoBkFullFwd,43,67.0,121,031
251231-172527,NoBkFullFwd,44,66.0,121,031
251231-172527,NoBkFullFwd,45,72.0,121,031
251231-172527,NoBkFullFwd,46,68.0,121,031
251231-172527,Clone_ego,42,42.0,121,031
251231-172527,Clone_ego,43,32.0,121,031
251231-172527,Clone_ego,44,4.0,121,031
251231-172527,Clone_ego,45,21.0,121,031
251231-172527,Clone_ego,46,42.0,121,031
251231-172527,Clone_allo_real,42,10.0,121,031
251231-172527,Clone_allo_real,43,24.0,121,031
251231-172527,Clone_allo_real,44,28.0,121,031
251231-172527,Clone_allo_real,45,24.0,121,031
251231-172527,Clone_allo_real,46,14.0,121,031
251231-172527,Clone_allo_latent,42,10.0,121,031
251231-172527,Clone_allo_latent,43,24.0,121,031
251231-172527,Clone_allo_latent,44,26.0,121,031
251231-172527,Clone_allo_latent,45,24.0,121,031
251231-172527,Clone_allo_latent,46,14.0,121,031
251230-171810,FullFwd,42,42.0,171,031
251230-171810,FullFwd,43,50.0,171,031
251230-171810,FullFwd,44,27.0,171,031
251230-171810,FullFwd,45,54.0,171,031
251230-171810,FullFwd,46,14.0,171,031
251230-171810,NoBkFullFwd,42,82.0,171,031
251230-171810,NoBkFullFwd,43,95.0,171,031
251230-171810,NoBkFullFwd,44,96.0,171,031
251230-171810,NoBkFullFwd,45,111.0,171,031
251230-171810,NoBkFullFwd,46,96.0,171,031
251230-171810,Clone_ego,42,12.0,171,031
251230-171810,Clone_ego,43,20.0,171,031
251230-171810,Clone_ego,44,4.0,171,031
251230-171810,Clone_ego,45,7.0,171,031
251230-171810,Clone_ego,46,24.0,171,031
251230-171810,Clone_allo_real,42,21.0,171,031
251230-171810,Clone_allo_real,43,27.0,171,031
251230-171810,Clone_allo_real,44,38.0,171,031
251230-171810,Clone_allo_real,45,28.0,171,031
251230-171810,Clone_allo_real,46,14.0,171,031
251230-171810,Clone_allo_latent,42,21.0,171,031
251230-171810,Clone_allo_latent,43,27.0,171,031
251230-171810,Clone_allo_latent,44,34.0,171,031
251230-171810,Clone_allo_latent,45,28.0,171,031
251230-171810,Clone_allo_latent,46,14.0,171,031
251229-180544,FullFwd,42,69.0,318,031
251229-180544,FullFwd,43,81.0,318,031
251229-180544,FullFwd,44,52.0,318,031
251229-180544,FullFwd,45,81.0,318,031
251229-180544,FullFwd,46,37.0,318,031
251229-180544,NoBkFullFwd,42,145.0,318,031
251229-180544,NoBkFullFwd,43,180.0,318,031
251229-180544,NoBkFullFwd,44,176.0,318,031
251229-180544,NoBkFullFwd,45,182.0,318,031
251229-180544,NoBkFullFwd,46,167.0,318,031
251229-180544,Clone_ego,42,42.0,318,031
251229-180544,Clone_ego,43,77.0,318,031
251229-180544,Clone_ego,44,78.0,318,031
251229-180544,Clone_ego,45,74.0,318,031
251229-180544,Clone_ego,46,47.0,318,031
251229-180544,Clone_allo_real,42,53.0,318,031
251229-180544,Clone_allo_real,43,53.0,318,031
251229-180544,Clone_allo_real,44,49.0,318,031
251229-180544,Clone_allo_real,45,24.0,318,031
251229-180544,Clone_allo_real,46,62.0,318,031
251229-180544,Clone_allo_latent,42,48.0,318,031
251229-180544,Clone_allo_latent,43,80.0,318,031
251229-180544,Clone_allo_latent,44,67.0,318,031
251229-180544,Clone_allo_latent,45,28.0,318,031
251229-180544,Clone_allo_latent,46,42.0,318,031
251228-174043,FullFwd,42,53.0,195,031
251228-174043,FullFwd,43,48.0,195,031
251228-174043,FullFwd,44,42.0,195,031
251228-174043,FullFwd,45,26.0,195,031
251228-174043,FullFwd,46,14.0,195,031
251228-174043,NoBkFullFwd,42,125.0,195,031
251228-174043,NoBkFullFwd,43,105.0,195,031
251228-174043,NoBkFullFwd,44,73.0,195,031
251228-174043,NoBkFullFwd,45,99.0,195,031
251228-174043,NoBkFullFwd,46,123.0,195,031
251228-174043,Clone_ego,42,22.0,195,031
251228-174043,Clone_ego,43,20.0,195,031
251228-174043,Clone_ego,44,40.0,195,031
251228-174043,Clone_ego,45,27.0,195,031
251228-174043,Clone_ego,46,50.0,195,031
251228-174043,Clone_allo_real,42,33.0,195,031
251228-174043,Clone_allo_real,43,23.0,195,031
251228-174043,Clone_allo_real,44,39.0,195,031
251228-174043,Clone_allo_real,45,34.0,195,031
251228-174043,Clone_allo_real,46,35.0,195,031
251228-174043,Clone_allo_latent,42,26.0,195,031
251228-174043,Clone_allo_latent,43,23.0,195,031
251228-174043,Clone_allo_latent,44,40.0,195,031
251228-174043,Clone_allo_latent,45,34.0,195,031
251228-174043,Clone_allo_latent,46,35.0,195,031
251227-174332,FullFwd,42,65.0,247,031
251227-174332,FullFwd,43,55.0,247,031
251227-174332,FullFwd,44,42.0,247,031
251227-174332,FullFwd,45,38.0,247,031
251227-174332,FullFwd,46,14.0,247,031
251227-174332,NoBkFullFwd,42,148.0,247,031
251227-174332,NoBkFullFwd,43,125.0,247,031
251227-174332,NoBkFullFwd,44,93.0,247,031
251227-174332,NoBkFullFwd,45,145.0,247,031
251227-174332,NoBkFullFwd,46,152.0,247,031
251227-174332,Clone_ego,42,70.0,247,031
251227-174332,Clone_ego,43,96.0,247,031
251227-174332,Clone_ego,44,77.0,247,031
251227-174332,Clone_ego,45,49.0,247,031
251227-174332,Clone_ego,46,50.0,247,031
251227-174332,Clone_allo_real,42,48.0,247,031
251227-174332,Clone_allo_real,43,37.0,247,031
251227-174332,Clone_allo_real,44,46.0,247,031
251227-174332,Clone_allo_real,45,36.0,247,031
251227-174332,Clone_allo_real,46,35.0,247,031
251227-174332,Clone_allo_latent,42,50.0,247,031
251227-174332,Clone_allo_latent,43,26.0,247,031
251227-174332,Clone_allo_latent,44,46.0,247,031
251227-174332,Clone_allo_latent,45,36.0,247,031
251227-174332,Clone_allo_latent,46,28.0,247,031
251226-181307,FullFwd,42,55.0,208,031
251226-181307,FullFwd,43,49.0,208,031
251226-181307,FullFwd,44,42.0,208,031
251226-181307,FullFwd,45,26.0,208,031
251226-181307,FullFwd,46,14.0,208,031
251226-181307,NoBkFullFwd,42,133.0,208,031
251226-181307,NoBkFullFwd,43,105.0,208,031
251226-181307,NoBkFullFwd,44,77.0,208,031
251226-181307,NoBkFullFwd,45,112.0,208,031
251226-181307,NoBkFullFwd,46,123.0,208,031
251226-181307,Clone_ego,42,69.0,208,031
251226-181307,Clone_ego,43,62.0,208,031
251226-181307,Clone_ego,44,40.0,208,031
251226-181307,Clone_ego,45,63.0,208,031
251226-181307,Clone_ego,46,54.0,208,031
251226-181307,Clone_allo_real,42,26.0,208,031
251226-181307,Clone_allo_real,43,35.0,208,031
251226-181307,Clone_allo_real,44,40.0,208,031
251226-181307,Clone_allo_real,45,36.0,208,031
251226-181307,Clone_allo_real,46,14.0,208,031
251226-181307,Clone_allo_latent,42,44.0,208,031
251226-181307,Clone_allo_latent,43,23.0,208,031
251226-181307,Clone_allo_latent,44,36.0,208,031
251226-181307,Clone_allo_latent,45,36.0,208,031
251226-181307,Clone_allo_latent,46,28.0,208,031
251225-181630,FullFwd,42,50.0,178,031
251225-181630,FullFwd,43,46.0,178,031
251225-181630,FullFwd,44,42.0,178,031
251225-181630,FullFwd,45,26.0,178,031
251225-181630,FullFwd,46,14.0,178,031
251225-181630,NoBkFullFwd,42,120.0,178,031
251225-181630,NoBkFullFwd,43,96.0,178,031
251225-181630,NoBkFullFwd,44,64.0,178,031
251225-181630,NoBkFullFwd,45,94.0,178,031
251225-181630,NoBkFullFwd,46,107.0,178,031
251225-181630,Clone_ego,42,49.0,178,031
251225-181630,Clone_ego,43,70.0,178,031
251225-181630,Clone_ego,44,49.0,178,031
251225-181630,Clone_ego,45,76.0,178,031
251225-181630,Clone_ego,46,55.0,178,031
251225-181630,Clone_allo_real,42,35.0,178,031
251225-181630,Clone_allo_real,43,23.0,178,031
251225-181630,Clone_allo_real,44,35.0,178,031
251225-181630,Clone_allo_real,45,23.0,178,031
251225-181630,Clone_allo_real,46,35.0,178,031
251225-181630,Clone_allo_latent,42,35.0,178,031
251225-181630,Clone_allo_latent,43,23.0,178,031
251225-181630,Clone_allo_latent,44,35.0,178,031
251225-181630,Clone_allo_latent,45,27.0,178,031
251225-181630,Clone_allo_latent,46,14.0,178,031
251224-181729,FullFwd,42,27.0,80,031
251224-181729,FullFwd,43,25.0,80,031
251224-181729,FullFwd,44,27.0,80,031
251224-181729,FullFwd,45,13.0,80,031
251224-181729,FullFwd,46,9.0,80,031
251224-181729,NoBkFullFwd,42,60.0,80,031
251224-181729,NoBkFullFwd,43,46.0,80,031
251224-181729,NoBkFullFwd,44,37.0,80,031
251224-181729,NoBkFullFwd,45,39.0,80,031
251224-181729,NoBkFullFwd,46,47.0,80,031
251224-181729,Clone_ego,42,18.0,80,031
251224-181729,Clone_ego,43,7.0,80,031
251224-181729,Clone_ego,44,4.0,80,031
251224-181729,Clone_ego,45,7.0,80,031
251224-181729,Clone_ego,46,49.0,80,031
251224-181729,Clone_allo_real,42,12.0,80,031
251224-181729,Clone_allo_real,43,14.0,80,031
251224-181729,Clone_allo_real,44,27.0,80,031
251224-181729,Clone_allo_real,45,17.0,80,031
251224-181729,Clone_allo_real,46,19.0,80,031
251224-181729,Clone_allo_latent,42,12.0,80,031
251224-181729,Clone_allo_latent,43,14.0,80,031
251224-181729,Clone_allo_latent,44,27.0,80,031
251224-181729,Clone_allo_latent,45,17.0,80,031
251224-181729,Clone_allo_latent,46,19.0,80,031
251222-194856,FullFwd,42,55.0,212,031
251222-194856,FullFwd,43,51.0,212,031
251222-194856,FullFwd,44,42.0,212,031
251222-194856,FullFwd,45,26.0,212,031
251222-194856,FullFwd,46,14.0,212,031
251222-194856,NoBkFullFwd,42,137.0,212,031
251222-194856,NoBkFullFwd,43,105.0,212,031
251222-194856,NoBkFullFwd,44,77.0,212,031
251222-194856,NoBkFullFwd,45,116.0,212,031
251222-194856,NoBkFullFwd,46,123.0,212,031
251222-194856,Clone_ego,42,67.0,212,031
251222-194856,Clone_ego,43,34.0,212,031
251222-194856,Clone_ego,44,60.0,212,031
251222-194856,Clone_ego,45,22.0,212,031
251222-194856,Clone_ego,46,27.0,212,031
251222-194856,Clone_allo_real,42,39.0,212,031
251222-194856,Clone_allo_real,43,23.0,212,031
251222-194856,Clone_allo_real,44,37.0,212,031
251222-194856,Clone_allo_real,45,34.0,212,031
251222-194856,Clone_allo_real,46,35.0,212,031
251222-194856,Clone_allo_latent,42,39.0,212,031
251222-194856,Clone_allo_latent,43,23.0,212,031
251222-194856,Clone_allo_latent,44,39.0,212,031
251222-194856,Clone_allo_latent,45,34.0,212,031
251222-194856,Clone_allo_latent,46,35.0,212,031
251221-193410,FullFwd,42,95.0,529,031
251221-193410,FullFwd,43,70.0,529,031
251221-193410,FullFwd,44,81.0,529,031
251221-193410,FullFwd,45,55.0,529,031
251221-193410,FullFwd,46,41.0,529,031
251221-193410,NoBkFullFwd,42,281.0,529,031
251221-193410,NoBkFullFwd,43,316.0,529,031
251221-193410,NoBkFullFwd,44,262.0,529,031
251221-193410,NoBkFullFwd,45,306.0,529,031
251221-193410,NoBkFullFwd,46,333.0,529,031
251221-193410,Clone_ego,42,134.0,529,031
251221-193410,Clone_ego,43,136.0,529,031
251221-193410,Clone_ego,44,140.0,529,031
251221-193410,Clone_ego,45,148.0,529,031
251221-193410,Clone_ego,46,92.0,529,031
251221-193410,Clone_allo_real,42,66.0,529,031
251221-193410,Clone_allo_real,43,70.0,529,031
251221-193410,Clone_allo_real,44,37.0,529,031
251221-193410,Clone_allo_real,45,56.0,529,031
251221-193410,Clone_allo_real,46,24.0,529,031
251221-193410,Clone_allo_latent,42,66.0,529,031
251221-193410,Clone_allo_latent,43,70.0,529,031
251221-193410,Clone_allo_latent,44,65.0,529,031
251221-193410,Clone_allo_latent,45,56.0,529,031
251221-193410,Clone_allo_latent,46,51.0,529,031
251220-165800,FullFwd,42,127.0,695,031
251220-165800,FullFwd,43,107.0,695,031
251220-165800,FullFwd,44,98.0,695,031
251220-165800,FullFwd,45,67.0,695,031
251220-165800,FullFwd,46,65.0,695,031
251220-165800,NoBkFullFwd,42,385.0,695,031
251220-165800,NoBkFullFwd,43,400.0,695,031
251220-165800,NoBkFullFwd,44,361.0,695,031
251220-165800,NoBkFullFwd,45,405.0,695,031
251220-165800,NoBkFullFwd,46,429.0,695,031
251220-165800,Clone_ego,42,217.0,695,031
251220-165800,Clone_ego,43,153.0,695,031
251220-165800,Clone_ego,44,223.0,695,031
251220-165800,Clone_ego,45,175.0,695,031
251220-165800,Clone_ego,46,215.0,695,031
251220-165800,Clone_allo_real,42,108.0,695,031
251220-165800,Clone_allo_real,43,93.0,695,031
251220-165800,Clone_allo_real,44,112.0,695,031
251220-165800,Clone_allo_real,45,94.0,695,031
251220-165800,Clone_allo_real,46,50.0,695,031
251220-165800,Clone_allo_latent,42,94.0,695,031
251220-165800,Clone_allo_latent,43,98.0,695,031
251220-165800,Clone_allo_latent,44,98.0,695,031
251220-165800,Clone_allo_latent,45,66.0,695,031
251220-165800,Clone_allo_latent,46,78.0,695,031
251130-232218,FullFwd,42,63.0,239,031
251130-232218,FullFwd,43,55.0,239,031
251130-232218,FullFwd,44,42.0,239,031
251130-232218,FullFwd,45,38.0,239,031
251130-232218,FullFwd,46,14.0,239,031
251130-232218,NoBkFullFwd,42,148.0,239,031
251130-232218,NoBkFullFwd,43,120.0,239,031
251130-232218,NoBkFullFwd,44,92.0,239,031
251130-232218,NoBkFullFwd,45,139.0,239,031
251130-232218,NoBkFullFwd,46,144.0,239,031
251130-232218,Clone_ego,42,83.0,239,031
251130-232218,Clone_ego,43,55.0,239,031
251130-232218,Clone_ego,44,41.0,239,031
251130-232218,Clone_ego,45,49.0,239,031
251130-232218,Clone_ego,46,62.0,239,031
251130-232218,Clone_allo_real,42,27.0,239,031
251130-232218,Clone_allo_real,43,45.0,239,031
251130-232218,Clone_allo_real,44,33.0,239,031
251130-232218,Clone_allo_real,45,48.0,239,031
251130-232218,Clone_allo_real,46,14.0,239,031
251130-232218,Clone_allo_latent,42,50.0,239,031
251130-232218,Clone_allo_latent,43,26.0,239,031
251130-232218,Clone_allo_latent,44,42.0,239,031
251130-232218,Clone_allo_latent,45,36.0,239,031
251130-232218,Clone_allo_latent,46,14.0,239,031
251130-134624,FullFwd,42,69.0,270,031
251130-134624,FullFwd,43,55.0,270,031
251130-134624,FullFwd,44,42.0,270,031
251130-134624,FullFwd,45,39.0,270,031
251130-134624,FullFwd,46,14.0,270,031
251130-134624,NoBkFullFwd,42,148.0,270,031
251130-134624,NoBkFullFwd,43,135.0,270,031
251130-134624,NoBkFullFwd,44,111.0,270,031
251130-134624,NoBkFullFwd,45,164.0,270,031
251130-134624,NoBkFullFwd,46,165.0,270,031
251130-134624,Clone_ego,42,78.0,270,031
251130-134624,Clone_ego,43,70.0,270,031
251130-134624,Clone_ego,44,91.0,270,031
251130-134624,Clone_ego,45,83.0,270,031
251130-134624,Clone_ego,46,87.0,270,031
251130-134624,Clone_allo_real,42,27.0,270,031
251130-134624,Clone_allo_real,43,56.0,270,031
251130-134624,Clone_allo_real,44,37.0,270,031
251130-134624,Clone_allo_real,45,51.0,270,031
251130-134624,Clone_allo_real,46,14.0,270,031
251130-134624,Clone_allo_latent,42,26.0,270,031
251130-134624,Clone_allo_latent,43,27.0,270,031
251130-134624,Clone_allo_latent,44,50.0,270,031
251130-134624,Clone_allo_latent,45,36.0,270,031
251130-134624,Clone_allo_latent,46,28.0,270,031
251129-155326,FullFwd,42,88.0,420,031
251129-155326,FullFwd,43,98.0,420,031
251129-155326,FullFwd,44,56.0,420,031
251129-155326,FullFwd,45,98.0,420,031
251129-155326,FullFwd,46,41.0,420,031
251129-155326,NoBkFullFwd,42,194.0,420,031
251129-155326,NoBkFullFwd,43,222.0,420,031
251129-155326,NoBkFullFwd,44,238.0,420,031
251129-155326,NoBkFullFwd,45,182.0,420,031
251129-155326,NoBkFullFwd,46,192.0,420,031
251129-155326,Clone_ego,42,102.0,420,031
251129-155326,Clone_ego,43,97.0,420,031
251129-155326,Clone_ego,44,127.0,420,031
251129-155326,Clone_ego,45,116.0,420,031
251129-155326,Clone_ego,46,127.0,420,031
251129-155326,Clone_allo_real,42,78.0,420,031
251129-155326,Clone_allo_real,43,70.0,420,031
251129-155326,Clone_allo_real,44,70.0,420,031
251129-155326,Clone_allo_real,45,51.0,420,031
251129-155326,Clone_allo_real,46,14.0,420,031
251129-155326,Clone_allo_latent,42,64.0,420,031
251129-155326,Clone_allo_latent,43,69.0,420,031
251129-155326,Clone_allo_latent,44,74.0,420,031
251129-155326,Clone_allo_latent,45,40.0,420,031
251129-155326,Clone_allo_latent,46,38.0,420,031
251128-125956,FullFwd,42,69.0,271,031
251128-125956,FullFwd,43,79.0,271,031
251128-125956,FullFwd,44,49.0,271,031
251128-125956,FullFwd,45,78.0,271,031
251128-125956,FullFwd,46,26.0,271,031
251128-125956,NoBkFullFwd,42,139.0,271,031
251128-125956,NoBkFullFwd,43,150.0,271,031
251128-125956,NoBkFullFwd,44,150.0,271,031
251128-125956,NoBkFullFwd,45,166.0,271,031
251128-125956,NoBkFullFwd,46,152.0,271,031
251128-125956,Clone_ego,42,38.0,271,031
251128-125956,Clone_ego,43,91.0,271,031
251128-125956,Clone_ego,44,93.0,271,031
251128-125956,Clone_ego,45,48.0,271,031
251128-125956,Clone_ego,46,42.0,271,031
251128-125956,Clone_allo_real,42,55.0,271,031
251128-125956,Clone_allo_real,43,40.0,271,031
251128-125956,Clone_allo_real,44,54.0,271,031
251128-125956,Clone_allo_real,45,13.0,271,031
251128-125956,Clone_allo_real,46,13.0,271,031
251128-125956,Clone_allo_latent,42,28.0,271,031
251128-125956,Clone_allo_latent,43,62.0,271,031
251128-125956,Clone_allo_latent,44,66.0,271,031
251128-125956,Clone_allo_latent,45,28.0,271,031
251128-125956,Clone_allo_latent,46,42.0,271,031
251127-113857,FullFwd,42,28.0,140,031
251127-113857,FullFwd,43,40.0,140,031
251127-113857,FullFwd,44,27.0,140,031
251127-113857,FullFwd,45,51.0,140,031
251127-113857,FullFwd,46,14.0,140,031
251127-113857,NoBkFullFwd,42,75.0,140,031
251127-113857,NoBkFullFwd,43,82.0,140,031
251127-113857,NoBkFullFwd,44,78.0,140,031
251127-113857,NoBkFullFwd,45,83.0,140,031
251127-113857,NoBkFullFwd,46,83.0,140,031
251127-113857,Clone_ego,42,25.0,140,031
251127-113857,Clone_ego,43,18.0,140,031
251127-113857,Clone_ego,44,28.0,140,031
251127-113857,Clone_ego,45,41.0,140,031
251127-113857,Clone_ego,46,28.0,140,031
251127-113857,Clone_allo_real,42,27.0,140,031
251127-113857,Clone_allo_real,43,39.0,140,031
251127-113857,Clone_allo_real,44,36.0,140,031
251127-113857,Clone_allo_real,45,24.0,140,031
251127-113857,Clone_allo_real,46,14.0,140,031
251127-113857,Clone_allo_latent,42,13.0,140,031
251127-113857,Clone_allo_latent,43,25.0,140,031
251127-113857,Clone_allo_latent,44,42.0,140,031
251127-113857,Clone_allo_latent,45,24.0,140,031
251127-113857,Clone_allo_latent,46,23.0,140,031
251126-135239,FullFwd,42,69.0,317,031
251126-135239,FullFwd,43,81.0,317,031
251126-135239,FullFwd,44,52.0,317,031
251126-135239,FullFwd,45,81.0,317,031
251126-135239,FullFwd,46,37.0,317,031
251126-135239,NoBkFullFwd,42,145.0,317,031
251126-135239,NoBkFullFwd,43,180.0,317,031
251126-135239,NoBkFullFwd,44,176.0,317,031
251126-135239,NoBkFullFwd,45,182.0,317,031
251126-135239,NoBkFullFwd,46,166.0,317,031
251126-135239,Clone_ego,42,52.0,317,031
251126-135239,Clone_ego,43,78.0,317,031
251126-135239,Clone_ego,44,72.0,317,031
251126-135239,Clone_ego,45,82.0,317,031
251126-135239,Clone_ego,46,36.0,317,031
251126-135239,Clone_allo_real,42,36.0,317,031
251126-135239,Clone_allo_real,43,49.0,317,031
251126-135239,Clone_allo_real,44,71.0,317,031
251126-135239,Clone_allo_real,45,13.0,317,031
251126-135239,Clone_allo_real,46,13.0,317,031
251126-135239,Clone_allo_latent,42,34.0,317,031
251126-135239,Clone_allo_latent,43,83.0,317,031
251126-135239,Clone_allo_latent,44,66.0,317,031
251126-135239,Clone_allo_latent,45,28.0,317,031
251126-135239,Clone_allo_latent,46,42.0,317,031
251125-162636,FullFwd,42,69.0,327,031
251125-162636,FullFwd,43,81.0,327,031
251125-162636,FullFwd,44,52.0,327,031
251125-162636,FullFwd,45,81.0,327,031
251125-162636,FullFwd,46,37.0,327,031
251125-162636,NoBkFullFwd,42,152.0,327,031
251125-162636,NoBkFullFwd,43,183.0,327,031
251125-162636,NoBkFullFwd,44,183.0,327,031
251125-162636,NoBkFullFwd,45,182.0,327,031
251125-162636,NoBkFullFwd,46,168.0,327,031
251125-162636,Clone_ego,42,84.0,327,031
251125-162636,Clone_ego,43,66.0,327,031
251125-162636,Clone_ego,44,82.0,327,031
251125-162636,Clone_ego,45,77.0,327,031
251125-162636,Clone_ego,46,83.0,327,031
251125-162636,Clone_allo_real,42,52.0,327,031
251125-162636,Clone_allo_real,43,25.0,327,031
251125-162636,Clone_allo_real,44,77.0,327,031
251125-162636,Clone_allo_real,45,41.0,327,031
251125-162636,Clone_allo_real,46,14.0,327,031
251125-162636,Clone_allo_latent,42,39.0,327,031
251125-162636,Clone_allo_latent,43,83.0,327,031
251125-162636,Clone_allo_latent,44,69.0,327,031
251125-162636,Clone_allo_latent,45,31.0,327,031
251125-162636,Clone_allo_latent,46,42.0,327,031
251124-164313,FullFwd,42,69.0,306,031
251124-164313,FullFwd,43,81.0,306,031
251124-164313,FullFwd,44,52.0,306,031
251124-164313,FullFwd,45,81.0,306,031
251124-164313,FullFwd,46,37.0,306,031
251124-164313,NoBkFullFwd,42,139.0,306,031
251124-164313,NoBkFullFwd,43,180.0,306,031
251124-164313,NoBkFullFwd,44,175.0,306,031
251124-164313,NoBkFullFwd,45,174.0,306,031
251124-164313,NoBkFullFwd,46,158.0,306,031
251124-164313,Clone_ego,42,47.0,306,031
251124-164313,Clone_ego,43,70.0,306,031
251124-164313,Clone_ego,44,36.0,306,031
251124-164313,Clone_ego,45,55.0,306,031
251124-164313,Clone_ego,46,54.0,306,031
251124-164313,Clone_allo_real,42,52.0,306,031
251124-164313,Clone_allo_real,43,37.0,306,031
251124-164313,Clone_allo_real,44,49.0,306,031
251124-164313,Clone_allo_real,45,41.0,306,031
251124-164313,Clone_allo_real,46,14.0,306,031
251124-164313,Clone_allo_latent,42,39.0,306,031
251124-164313,Clone_allo_latent,43,80.0,306,031
251124-164313,Clone_allo_latent,44,51.0,306,031
251124-164313,Clone_allo_latent,45,28.0,306,031
251124-164313,Clone_allo_latent,46,42.0,306,031
251123-125720,FullFwd,42,63.0,219,031
251123-125720,FullFwd,43,61.0,219,031
251123-125720,FullFwd,44,41.0,219,031
251123-125720,FullFwd,45,69.0,219,031
251123-125720,FullFwd,46,23.0,219,031
251123-125720,NoBkFullFwd,42,107.0,219,031
251123-125720,NoBkFullFwd,43,124.0,219,031
251123-125720,NoBkFullFwd,44,112.0,219,031
251123-125720,NoBkFullFwd,45,140.0,219,031
251123-125720,NoBkFullFwd,46,125.0,219,031
251123-125720,Clone_ego,42,42.0,219,031
251123-125720,Clone_ego,43,39.0,219,031
251123-125720,Clone_ego,44,14.0,219,031
251123-125720,Clone_ego,45,26.0,219,031
251123-125720,Clone_ego,46,23.0,219,031
251123-125720,Clone_allo_real,42,13.0,219,031
251123-125720,Clone_allo_real,43,44.0,219,031
251123-125720,Clone_allo_real,44,13.0,219,031
251123-125720,Clone_allo_real,45,28.0,219,031
251123-125720,Clone_allo_real,46,12.0,219,031
251123-125720,Clone_allo_latent,42,38.0,219,031
251123-125720,Clone_allo_latent,43,44.0,219,031
251123-125720,Clone_allo_latent,44,55.0,219,031
251123-125720,Clone_allo_latent,45,28.0,219,031
251123-125720,Clone_allo_latent,46,41.0,219,031
251122-140850,FullFwd,42,36.0,156,031
251122-140850,FullFwd,43,42.0,156,031
251122-140850,FullFwd,44,42.0,156,031
251122-140850,FullFwd,45,24.0,156,031
251122-140850,FullFwd,46,14.0,156,031
251122-140850,NoBkFullFwd,42,111.0,156,031
251122-140850,NoBkFullFwd,43,85.0,156,031
251122-140850,NoBkFullFwd,44,64.0,156,031
251122-140850,NoBkFullFwd,45,78.0,156,031
251122-140850,NoBkFullFwd,46,100.0,156,031
251122-140850,Clone_ego,42,22.0,156,031
251122-140850,Clone_ego,43,34.0,156,031
251122-140850,Clone_ego,44,40.0,156,031
251122-140850,Clone_ego,45,18.0,156,031
251122-140850,Clone_ego,46,32.0,156,031
251122-140850,Clone_allo_real,42,23.0,156,031
251122-140850,Clone_allo_real,43,23.0,156,031
251122-140850,Clone_allo_real,44,39.0,156,031
251122-140850,Clone_allo_real,45,31.0,156,031
251122-140850,Clone_allo_real,46,28.0,156,031
251122-140850,Clone_allo_latent,42,23.0,156,031
251122-140850,Clone_allo_latent,43,23.0,156,031
251122-140850,Clone_allo_latent,44,39.0,156,031
251122-140850,Clone_allo_latent,45,31.0,156,031
251122-140850,Clone_allo_latent,46,28.0,156,031
251121-141557,FullFwd,42,55.0,207,031
251121-141557,FullFwd,43,49.0,207,031
251121-141557,FullFwd,44,42.0,207,031
251121-141557,FullFwd,45,26.0,207,031
251121-141557,FullFwd,46,14.0,207,031
251121-141557,NoBkFullFwd,42,133.0,207,031
251121-141557,NoBkFullFwd,43,105.0,207,031
251121-141557,NoBkFullFwd,44,77.0,207,031
251121-141557,NoBkFullFwd,45,111.0,207,031
251121-141557,NoBkFullFwd,46,123.0,207,031
251121-141557,Clone_ego,42,50.0,207,031
251121-141557,Clone_ego,43,27.0,207,031
251121-141557,Clone_ego,44,55.0,207,031
251121-141557,Clone_ego,45,42.0,207,031
251121-141557,Clone_ego,46,50.0,207,031
251121-141557,Clone_allo_real,42,36.0,207,031
251121-141557,Clone_allo_real,43,35.0,207,031
251121-141557,Clone_allo_real,44,12.0,207,031
251121-141557,Clone_allo_real,45,34.0,207,031
251121-141557,Clone_allo_real,46,28.0,207,031
251121-141557,Clone_allo_latent,42,50.0,207,031
251121-141557,Clone_allo_latent,43,23.0,207,031
251121-141557,Clone_allo_latent,44,36.0,207,031
251121-141557,Clone_allo_latent,45,36.0,207,031
251121-141557,Clone_allo_latent,46,14.0,207,031
251120-132717,FullFwd,42,69.0,296,031
251120-132717,FullFwd,43,79.0,296,031
251120-132717,FullFwd,44,50.0,296,031
251120-132717,FullFwd,45,81.0,296,031
251120-132717,FullFwd,46,32.0,296,031
251120-132717,NoBkFullFwd,42,139.0,296,031
251120-132717,NoBkFullFwd,43,174.0,296,031
251120-132717,NoBkFullFwd,44,166.0,296,031
251120-132717,NoBkFullFwd,45,166.0,296,031
251120-132717,NoBkFullFwd,46,152.0,296,031
251120-132717,Clone_ego,42,40.0,296,031
251120-132717,Clone_ego,43,86.0,296,031
251120-132717,Clone_ego,44,66.0,296,031
251120-132717,Clone_ego,45,26.0,296,031
251120-132717,Clone_ego,46,54.0,296,031
251120-132717,Clone_allo_real,42,13.0,296,031
251120-132717,Clone_allo_real,43,46.0,296,031
251120-132717,Clone_allo_real,44,24.0,296,031
251120-132717,Clone_allo_real,45,28.0,296,031
251120-132717,Clone_allo_real,46,14.0,296,031
251120-132717,Clone_allo_latent,42,35.0,296,031
251120-132717,Clone_allo_latent,43,76.0,296,031
251120-132717,Clone_allo_latent,44,67.0,296,031
251120-132717,Clone_allo_latent,45,35.0,296,031
251120-132717,Clone_allo_latent,46,42.0,296,031
251119-171644,FullFwd,42,143.0,546,031
251119-171644,FullFwd,43,145.0,546,031
251119-171644,FullFwd,44,147.0,546,031
251119-171644,FullFwd,45,160.0,546,031
251119-171644,FullFwd,46,98.0,546,031
251119-171644,NoBkFullFwd,42,488.0,546,031
251119-171644,NoBkFullFwd,43,488.0,546,031
251119-171644,NoBkFullFwd,44,488.0,546,031
251119-171644,NoBkFullFwd,45,488.0,546,031
251119-171644,NoBkFullFwd,46,488.0,546,031
251119-171644,Clone_ego,42,160.0,546,031
251119-171644,Clone_ego,43,136.0,546,031
251119-171644,Clone_ego,44,139.0,546,031
251119-171644,Clone_ego,45,167.0,546,031
251119-171644,Clone_ego,46,130.0,546,031
251119-171644,Clone_allo_real,42,79.0,546,031
251119-171644,Clone_allo_real,43,90.0,546,031
251119-171644,Clone_allo_real,44,70.0,546,031
251119-171644,Clone_allo_real,45,79.0,546,031
251119-171644,Clone_allo_real,46,72.0,546,031
251119-171644,Clone_allo_latent,42,79.0,546,031
251119-171644,Clone_allo_latent,43,70.0,546,031
251119-171644,Clone_allo_latent,44,80.0,546,031
251119-171644,Clone_allo_latent,45,69.0,546,031
251119-171644,Clone_allo_latent,46,73.0,546,031
251116-180749,FullFwd,42,32.0,89,033
251116-180749,FullFwd,43,14.0,89,033
251116-180749,FullFwd,44,32.0,89,033
251116-180749,FullFwd,45,14.0,89,033
251116-180749,FullFwd,46,13.0,89,033
251116-180749,NoBkFullFwd,42,56.0,89,033
251116-180749,NoBkFullFwd,43,63.0,89,033
251116-180749,NoBkFullFwd,44,47.0,89,033
251116-180749,NoBkFullFwd,45,49.0,89,033
251116-180749,NoBkFullFwd,46,57.0,89,033
251116-180749,Clone_ego,42,14.0,89,033
251116-180749,Clone_ego,43,32.0,89,033
251116-180749,Clone_ego,44,13.0,89,033
251116-180749,Clone_ego,45,22.0,89,033
251116-180749,Clone_ego,46,20.0,89,033
251116-180749,Clone_allo_real,42,14.0,89,033
251116-180749,Clone_allo_real,43,14.0,89,033
251116-180749,Clone_allo_real,44,12.0,89,033
251116-180749,Clone_allo_real,45,16.0,89,033
251116-180749,Clone_allo_real,46,12.0,89,033
251116-180749,Clone_allo_latent,42,27.0,89,033
251116-180749,Clone_allo_latent,43,19.0,89,033
251116-180749,Clone_allo_latent,44,20.0,89,033
251116-180749,Clone_allo_latent,45,14.0,89,033
251116-180749,Clone_allo_latent,46,21.0,89,033
251115-180903,FullFwd,42,23.0,96,033
251115-180903,FullFwd,43,27.0,96,033
251115-180903,FullFwd,44,16.0,96,033
251115-180903,FullFwd,45,19.0,96,033
251115-180903,FullFwd,46,22.0,96,033
251115-180903,NoBkFullFwd,42,52.0,96,033
251115-180903,NoBkFullFwd,43,50.0,96,033
251115-180903,NoBkFullFwd,44,50.0,96,033
251115-180903,NoBkFullFwd,45,58.0,96,033
251115-180903,NoBkFullFwd,46,52.0,96,033
251115-180903,Clone_ego,42,13.0,96,033
251115-180903,Clone_ego,43,23.0,96,033
251115-180903,Clone_ego,44,16.0,96,033
251115-180903,Clone_ego,45,22.0,96,033
251115-180903,Clone_ego,46,27.0,96,033
251115-180903,Clone_allo_real,42,13.0,96,033
251115-180903,Clone_allo_real,43,25.0,96,033
251115-180903,Clone_allo_real,44,25.0,96,033
251115-180903,Clone_allo_real,45,13.0,96,033
251115-180903,Clone_allo_real,46,13.0,96,033
251115-180903,Clone_allo_latent,42,14.0,96,033
251115-180903,Clone_allo_latent,43,22.0,96,033
251115-180903,Clone_allo_latent,44,28.0,96,033
251115-180903,Clone_allo_latent,45,28.0,96,033
251115-180903,Clone_allo_latent,46,13.0,96,033
251113-230441,FullFwd,42,12.0,67,033
251113-230441,FullFwd,43,25.0,67,033
251113-230441,FullFwd,44,13.0,67,033
251113-230441,FullFwd,45,14.0,67,033
251113-230441,FullFwd,46,8.0,67,033
251113-230441,NoBkFullFwd,42,28.0,67,033
251113-230441,NoBkFullFwd,43,31.0,67,033
251113-230441,NoBkFullFwd,44,29.0,67,033
251113-230441,NoBkFullFwd,45,49.0,67,033
251113-230441,NoBkFullFwd,46,31.0,67,033
251113-230441,Clone_ego,42,16.0,67,033
251113-230441,Clone_ego,43,11.0,67,033
251113-230441,Clone_ego,44,19.0,67,033
251113-230441,Clone_ego,45,16.0,67,033
251113-230441,Clone_ego,46,8.0,67,033
251113-230441,Clone_allo_real,42,9.0,67,033
251113-230441,Clone_allo_real,43,14.0,67,033
251113-230441,Clone_allo_real,44,22.0,67,033
251113-230441,Clone_allo_real,45,13.0,67,033
251113-230441,Clone_allo_real,46,12.0,67,033
251113-230441,Clone_allo_latent,42,12.0,67,033
251113-230441,Clone_allo_latent,43,12.0,67,033
251113-230441,Clone_allo_latent,44,12.0,67,033
251113-230441,Clone_allo_latent,45,24.0,67,033
251113-230441,Clone_allo_latent,46,13.0,67,033
251112-225928,FullFwd,42,22.0,90,033
251112-225928,FullFwd,43,27.0,90,033
251112-225928,FullFwd,44,14.0,90,033
251112-225928,FullFwd,45,17.0,90,033
251112-225928,FullFwd,46,18.0,90,033
251112-225928,NoBkFullFwd,42,47.0,90,033
251112-225928,NoBkFullFwd,43,46.0,90,033
251112-225928,NoBkFullFwd,44,44.0,90,033
251112-225928,NoBkFullFwd,45,52.0,90,033
251112-225928,NoBkFullFwd,46,50.0,90,033
251112-225928,Clone_ego,42,20.0,90,033
251112-225928,Clone_ego,43,23.0,90,033
251112-225928,Clone_ego,44,26.0,90,033
251112-225928,Clone_ego,45,24.0,90,033
251112-225928,Clone_ego,46,32.0,90,033
251112-225928,Clone_allo_real,42,12.0,90,033
251112-225928,Clone_allo_real,43,12.0,90,033
251112-225928,Clone_allo_real,44,28.0,90,033
251112-225928,Clone_allo_real,45,12.0,90,033
251112-225928,Clone_allo_real,46,13.0,90,033
251112-225928,Clone_allo_latent,42,14.0,90,033
251112-225928,Clone_allo_latent,43,20.0,90,033
251112-225928,Clone_allo_latent,44,28.0,90,033
251112-225928,Clone_allo_latent,45,17.0,90,033
251112-225928,Clone_allo_latent,46,13.0,90,033
251111-225736,FullFwd,42,21.0,69,033
251111-225736,FullFwd,43,14.0,69,033
251111-225736,FullFwd,44,14.0,69,033
251111-225736,FullFwd,45,13.0,69,033
251111-225736,FullFwd,46,11.0,69,033
251111-225736,NoBkFullFwd,42,45.0,69,033
251111-225736,NoBkFullFwd,43,41.0,69,033
251111-225736,NoBkFullFwd,44,25.0,69,033
251111-225736,NoBkFullFwd,45,39.0,69,033
251111-225736,NoBkFullFwd,46,46.0,69,033
251111-225736,Clone_ego,42,14.0,69,033
251111-225736,Clone_ego,43,8.0,69,033
251111-225736,Clone_ego,44,14.0,69,033
251111-225736,Clone_ego,45,8.0,69,033
251111-225736,Clone_ego,46,41.0,69,033
251111-225736,Clone_allo_real,42,22.0,69,033
251111-225736,Clone_allo_real,43,12.0,69,033
251111-225736,Clone_allo_real,44,11.0,69,033
251111-225736,Clone_allo_real,45,14.0,69,033
251111-225736,Clone_allo_real,46,13.0,69,033
251111-225736,Clone_allo_latent,42,22.0,69,033
251111-225736,Clone_allo_latent,43,12.0,69,033
251111-225736,Clone_allo_latent,44,11.0,69,033
251111-225736,Clone_allo_latent,45,14.0,69,033
251111-225736,Clone_allo_latent,46,13.0,69,033
251109-230458,FullFwd,42,9.0,51,033
251109-230458,FullFwd,43,14.0,51,033
251109-230458,FullFwd,44,14.0,51,033
251109-230458,FullFwd,45,13.0,51,033
251109-230458,FullFwd,46,11.0,51,033
251109-230458,NoBkFullFwd,42,35.0,51,033
251109-230458,NoBkFullFwd,43,25.0,51,033
251109-230458,NoBkFullFwd,44,12.0,51,033
251109-230458,NoBkFullFwd,45,39.0,51,033
251109-230458,NoBkFullFwd,46,35.0,51,033
251109-230458,Clone_ego,42,15.0,51,033
251109-230458,Clone_ego,43,8.0,51,033
251109-230458,Clone_ego,44,6.0,51,033
251109-230458,Clone_ego,45,8.0,51,033
251109-230458,Clone_ego,46,26.0,51,033
251109-230458,Clone_allo_real,42,14.0,51,033
251109-230458,Clone_allo_real,43,8.0,51,033
251109-230458,Clone_allo_real,44,14.0,51,033
251109-230458,Clone_allo_real,45,17.0,51,033
251109-230458,Clone_allo_real,46,13.0,51,033
251109-230458,Clone_allo_latent,42,14.0,51,033
251109-230458,Clone_allo_latent,43,11.0,51,033
251109-230458,Clone_allo_latent,44,9.0,51,033
251109-230458,Clone_allo_latent,45,14.0,51,033
251109-230458,Clone_allo_latent,46,11.0,51,033
251108-230846,FullFwd,42,25.0,128,033
251108-230846,FullFwd,43,38.0,128,033
251108-230846,FullFwd,44,24.0,128,033
251108-230846,FullFwd,45,39.0,128,033
251108-230846,FullFwd,46,27.0,128,033
251108-230846,NoBkFullFwd,42,67.0,128,033
251108-230846,NoBkFullFwd,43,64.0,128,033
251108-230846,NoBkFullFwd,44,70.0,128,033
251108-230846,NoBkFullFwd,45,83.0,128,033
251108-230846,NoBkFullFwd,46,81.0,128,033
251108-230846,Clone_ego,42,21.0,128,033
251108-230846,Clone_ego,43,28.0,128,033
251108-230846,Clone_ego,44,24.0,128,033
251108-230846,Clone_ego,45,39.0,128,033
251108-230846,Clone_ego,46,36.0,128,033
251108-230846,Clone_allo_real,42,8.0,128,033
251108-230846,Clone_allo_real,43,11.0,128,033
251108-230846,Clone_allo_real,44,14.0,128,033
251108-230846,Clone_allo_real,45,27.0,128,033
251108-230846,Clone_allo_real,46,9.0,128,033
251108-230846,Clone_allo_latent,42,11.0,128,033
251108-230846,Clone_allo_latent,43,23.0,128,033
251108-230846,Clone_allo_latent,44,26.0,128,033
251108-230846,Clone_allo_latent,45,26.0,128,033
251108-230846,Clone_allo_latent,46,16.0,128,033
251107-230429,FullFwd,42,28.0,146,033
251107-230429,FullFwd,43,40.0,146,033
251107-230429,FullFwd,44,28.0,146,033
251107-230429,FullFwd,45,40.0,146,033
251107-230429,FullFwd,46,27.0,146,033
251107-230429,NoBkFullFwd,42,70.0,146,033
251107-230429,NoBkFullFwd,43,68.0,146,033
251107-230429,NoBkFullFwd,44,84.0,146,033
251107-230429,NoBkFullFwd,45,95.0,146,033
251107-230429,NoBkFullFwd,46,95.0,146,033
251107-230429,Clone_ego,42,25.0,146,033
251107-230429,Clone_ego,43,27.0,146,033
251107-230429,Clone_ego,44,28.0,146,033
251107-230429,Clone_ego,45,27.0,146,033
251107-230429,Clone_ego,46,23.0,146,033
251107-230429,Clone_allo_real,42,8.0,146,033
251107-230429,Clone_allo_real,43,6.0,146,033
251107-230429,Clone_allo_real,44,9.0,146,033
251107-230429,Clone_allo_real,45,9.0,146,033
251107-230429,Clone_allo_real,46,7.0,146,033
251107-230429,Clone_allo_latent,42,37.0,146,033
251107-230429,Clone_allo_latent,43,22.0,146,033
251107-230429,Clone_allo_latent,44,26.0,146,033
251107-230429,Clone_allo_latent,45,27.0,146,033
251107-230429,Clone_allo_latent,46,26.0,146,033
251106-230142,FullFwd,42,89.0,285,033
251106-230142,FullFwd,43,85.0,285,033
251106-230142,FullFwd,44,87.0,285,033
251106-230142,FullFwd,45,94.0,285,033
251106-230142,FullFwd,46,59.0,285,033
251106-230142,NoBkFullFwd,42,255.0,285,033
251106-230142,NoBkFullFwd,43,255.0,285,033
251106-230142,NoBkFullFwd,44,255.0,285,033
251106-230142,NoBkFullFwd,45,255.0,285,033
251106-230142,NoBkFullFwd,46,255.0,285,033
251106-230142,Clone_ego,42,60.0,285,033
251106-230142,Clone_ego,43,77.0,285,033
251106-230142,Clone_ego,44,86.0,285,033
251106-230142,Clone_ego,45,96.0,285,033
251106-230142,Clone_ego,46,60.0,285,033
251106-230142,Clone_allo_real,42,36.0,285,033
251106-230142,Clone_allo_real,43,59.0,285,033
251106-230142,Clone_allo_real,44,38.0,285,033
251106-230142,Clone_allo_real,45,45.0,285,033
251106-230142,Clone_allo_real,46,37.0,285,033
251106-230142,Clone_allo_latent,42,75.0,285,033
251106-230142,Clone_allo_latent,43,40.0,285,033
251106-230142,Clone_allo_latent,44,58.0,285,033
251106-230142,Clone_allo_latent,45,48.0,285,033
251106-230142,Clone_allo_latent,46,33.0,285,033
251105-230500,FullFwd,42,58.0,172,033
251105-230500,FullFwd,43,55.0,172,033
251105-230500,FullFwd,44,64.0,172,033
251105-230500,FullFwd,45,60.0,172,033
251105-230500,FullFwd,46,30.0,172,033
251105-230500,NoBkFullFwd,42,154.0,172,033
251105-230500,NoBkFullFwd,43,154.0,172,033
251105-230500,NoBkFullFwd,44,154.0,172,033
251105-230500,NoBkFullFwd,45,154.0,172,033
251105-230500,NoBkFullFwd,46,154.0,172,033
251105-230500,Clone_ego,42,48.0,172,033
251105-230500,Clone_ego,43,38.0,172,033
251105-230500,Clone_ego,44,60.0,172,033
251105-230500,Clone_ego,45,49.0,172,033
251105-230500,Clone_ego,46,34.0,172,033
251105-230500,Clone_allo_real,42,50.0,172,033
251105-230500,Clone_allo_real,43,30.0,172,033
251105-230500,Clone_allo_real,44,46.0,172,033
251105-230500,Clone_allo_real,45,37.0,172,033
251105-230500,Clone_allo_real,46,9.0,172,033
251105-230500,Clone_allo_latent,42,38.0,172,033
251105-230500,Clone_allo_latent,43,30.0,172,033
251105-230500,Clone_allo_latent,44,46.0,172,033
251105-230500,Clone_allo_latent,45,37.0,172,033
251105-230500,Clone_allo_latent,46,10.0,172,033
251104-230415,FullFwd,42,35.0,87,033
251104-230415,FullFwd,43,28.0,87,033
251104-230415,FullFwd,44,30.0,87,033
251104-230415,FullFwd,45,27.0,87,033
251104-230415,FullFwd,46,9.0,87,033
251104-230415,NoBkFullFwd,42,77.0,87,033
251104-230415,NoBkFullFwd,43,77.0,87,033
251104-230415,NoBkFullFwd,44,77.0,87,033
251104-230415,NoBkFullFwd,45,77.0,87,033
251104-230415,NoBkFullFwd,46,77.0,87,033
251104-230415,Clone_ego,42,19.0,87,033
251104-230415,Clone_ego,43,15.0,87,033
251104-230415,Clone_ego,44,19.0,87,033
251104-230415,Clone_ego,45,20.0,87,033
251104-230415,Clone_ego,46,19.0,87,033
251104-230415,Clone_allo_real,42,28.0,87,033
251104-230415,Clone_allo_real,43,16.0,87,033
251104-230415,Clone_allo_real,44,30.0,87,033
251104-230415,Clone_allo_real,45,17.0,87,033
251104-230415,Clone_allo_real,46,9.0,87,033
251104-230415,Clone_allo_latent,42,28.0,87,033
251104-230415,Clone_allo_latent,43,16.0,87,033
251104-230415,Clone_allo_latent,44,30.0,87,033
251104-230415,Clone_allo_latent,45,17.0,87,033
251104-230415,Clone_allo_latent,46,9.0,87,033
260201-212331,FullFwd,42,55.0,294,033
260201-212331,FullFwd,43,84.0,294,033
260201-212331,FullFwd,44,68.0,294,033
260201-212331,FullFwd,45,51.0,294,033
260201-212331,FullFwd,46,14.0,294,033
260201-212331,NoBkFullFwd,42,125.0,294,033
260201-212331,NoBkFullFwd,43,166.0,294,033
260201-212331,NoBkFullFwd,44,174.0,294,033
260201-212331,NoBkFullFwd,45,173.0,294,033
260201-212331,NoBkFullFwd,46,157.0,294,033
260201-212331,Clone_ego,42,111.0,294,033
260201-212331,Clone_ego,43,83.0,294,033
260201-212331,Clone_ego,44,103.0,294,033
260201-212331,Clone_ego,45,87.0,294,033
260201-212331,Clone_ego,46,111.0,294,033
260201-212331,Clone_allo_real,42,41.0,294,033
260201-212331,Clone_allo_real,43,63.0,294,033
260201-212331,Clone_allo_real,44,83.0,294,033
260201-212331,Clone_allo_real,45,56.0,294,033
260201-212331,Clone_allo_real,46,33.0,294,033
260201-212331,Clone_allo_latent,42,41.0,294,033
260201-212331,Clone_allo_latent,43,63.0,294,033
260201-212331,Clone_allo_latent,44,83.0,294,033
260201-212331,Clone_allo_latent,45,56.0,294,033
260201-212331,Clone_allo_latent,46,33.0,294,033
260202-202543,FullFwd,42,49.0,236,033
260202-202543,FullFwd,43,84.0,236,033
260202-202543,FullFwd,44,56.0,236,033
260202-202543,FullFwd,45,41.0,236,033
260202-202543,FullFwd,46,14.0,236,033
260202-202543,NoBkFullFwd,42,118.0,236,033
260202-202543,NoBkFullFwd,43,115.0,236,033
260202-202543,NoBkFullFwd,44,134.0,236,033
260202-202543,NoBkFullFwd,45,160.0,236,033
260202-202543,NoBkFullFwd,46,149.0,236,033
260202-202543,Clone_ego,42,73.0,236,033
260202-202543,Clone_ego,43,66.0,236,033
260202-202543,Clone_ego,44,78.0,236,033
260202-202543,Clone_ego,45,67.0,236,033
260202-202543,Clone_ego,46,41.0,236,033
260202-202543,Clone_allo_real,42,41.0,236,033
260202-202543,Clone_allo_real,43,53.0,236,033
260202-202543,Clone_allo_real,44,74.0,236,033
260202-202543,Clone_allo_real,45,38.0,236,033
260202-202543,Clone_allo_real,46,21.0,236,033
260202-202543,Clone_allo_latent,42,41.0,236,033
260202-202543,Clone_allo_latent,43,53.0,236,033
260202-202543,Clone_allo_latent,44,74.0,236,033
260202-202543,Clone_allo_latent,45,38.0,236,033
260202-202543,Clone_allo_latent,46,21.0,236,033
260203-171228,FullFwd,42,53.0,255,033
260203-171228,FullFwd,43,84.0,255,033
260203-171228,FullFwd,44,60.0,255,033
260203-171228,FullFwd,45,41.0,255,033
260203-171228,FullFwd,46,14.0,255,033
260203-171228,NoBkFullFwd,42,125.0,255,033
260203-171228,NoBkFullFwd,43,131.0,255,033
260203-171228,NoBkFullFwd,44,146.0,255,033
260203-171228,NoBkFullFwd,45,166.0,255,033
260203-171228,NoBkFullFwd,46,152.0,255,033
260203-171228,Clone_ego,42,89.0,255,033
260203-171228,Clone_ego,43,53.0,255,033
260203-171228,Clone_ego,44,97.0,255,033
260203-171228,Clone_ego,45,69.0,255,033
260203-171228,Clone_ego,46,52.0,255,033
260203-171228,Clone_allo_real,42,46.0,255,033
260203-171228,Clone_allo_real,43,39.0,255,033
260203-171228,Clone_allo_real,44,41.0,255,033
260203-171228,Clone_allo_real,45,51.0,255,033
260203-171228,Clone_allo_real,46,21.0,255,033
260203-171228,Clone_allo_latent,42,46.0,255,033
260203-171228,Clone_allo_latent,43,39.0,255,033
260203-171228,Clone_allo_latent,44,41.0,255,033
260203-171228,Clone_allo_latent,45,51.0,255,033
260203-171228,Clone_allo_latent,46,21.0,255,033
260204-193925,FullFwd,42,28.0,151,033
260204-193925,FullFwd,43,56.0,151,033
260204-193925,FullFwd,44,42.0,151,033
260204-193925,FullFwd,45,21.0,151,033
260204-193925,FullFwd,46,14.0,151,033
260204-193925,NoBkFullFwd,42,70.0,151,033
260204-193925,NoBkFullFwd,43,72.0,151,033
260204-193925,NoBkFullFwd,44,95.0,151,033
260204-193925,NoBkFullFwd,45,102.0,151,033
260204-193925,NoBkFullFwd,46,96.0,151,033
260204-193925,Clone_ego,42,41.0,151,033
260204-193925,Clone_ego,43,28.0,151,033
260204-193925,Clone_ego,44,41.0,151,033
260204-193925,Clone_ego,45,27.0,151,033
260204-193925,Clone_ego,46,13.0,151,033
260204-193925,Clone_allo_real,42,31.0,151,033
260204-193925,Clone_allo_real,43,26.0,151,033
260204-193925,Clone_allo_real,44,27.0,151,033
260204-193925,Clone_allo_real,45,34.0,151,033
260204-193925,Clone_allo_real,46,13.0,151,033
260204-193925,Clone_allo_latent,42,31.0,151,033
260204-193925,Clone_allo_latent,43,26.0,151,033
260204-193925,Clone_allo_latent,44,27.0,151,033
260204-193925,Clone_allo_latent,45,34.0,151,033
260204-193925,Clone_allo_latent,46,13.0,151,033
260205-191855,FullFwd,42,28.0,127,033
260205-191855,FullFwd,43,49.0,127,033
260205-191855,FullFwd,44,38.0,127,033
260205-191855,FullFwd,45,13.0,127,033
260205-191855,FullFwd,46,14.0,127,033
260205-191855,NoBkFullFwd,42,70.0,127,033
260205-191855,NoBkFullFwd,43,68.0,127,033
260205-191855,NoBkFullFwd,44,76.0,127,033
260205-191855,NoBkFullFwd,45,83.0,127,033
260205-191855,NoBkFullFwd,46,82.0,127,033
260205-191855,Clone_ego,42,38.0,127,033
260205-191855,Clone_ego,43,13.0,127,033
260205-191855,Clone_ego,44,52.0,127,033
260205-191855,Clone_ego,45,27.0,127,033
260205-191855,Clone_ego,46,26.0,127,033
260205-191855,Clone_allo_real,42,20.0,127,033
260205-191855,Clone_allo_real,43,26.0,127,033
260205-191855,Clone_allo_real,44,27.0,127,033
260205-191855,Clone_allo_real,45,30.0,127,033
260205-191855,Clone_allo_real,46,13.0,127,033
260205-191855,Clone_allo_latent,42,20.0,127,033
260205-191855,Clone_allo_latent,43,26.0,127,033
260205-191855,Clone_allo_latent,44,27.0,127,033
260205-191855,Clone_allo_latent,45,30.0,127,033
260205-191855,Clone_allo_latent,46,13.0,127,033
260206-144834,FullFwd,42,83.0,518,033
260206-144834,FullFwd,43,96.0,518,033
260206-144834,FullFwd,44,107.0,518,033
260206-144834,FullFwd,45,70.0,518,033
260206-144834,FullFwd,46,28.0,518,033
260206-144834,NoBkFullFwd,42,225.0,518,033
260206-144834,NoBkFullFwd,43,232.0,518,033
260206-144834,NoBkFullFwd,44,267.0,518,033
260206-144834,NoBkFullFwd,45,236.0,518,033
260206-144834,NoBkFullFwd,46,245.0,518,033
260206-144834,Clone_ego,42,98.0,518,033
260206-144834,Clone_ego,43,186.0,518,033
260206-144834,Clone_ego,44,139.0,518,033
260206-144834,Clone_ego,45,136.0,518,033
260206-144834,Clone_ego,46,168.0,518,033
260206-144834,Clone_allo_real,42,84.0,518,033
260206-144834,Clone_allo_real,43,76.0,518,033
260206-144834,Clone_allo_real,44,94.0,518,033
260206-144834,Clone_allo_real,45,90.0,518,033
260206-144834,Clone_allo_real,46,60.0,518,033
260206-144834,Clone_allo_latent,42,84.0,518,033
260206-144834,Clone_allo_latent,43,76.0,518,033
260206-144834,Clone_allo_latent,44,94.0,518,033
260206-144834,Clone_allo_latent,45,90.0,518,033
260206-144834,Clone_allo_latent,46,60.0,518,033
260208-145358,FullFwd,42,49.0,234,033
260208-145358,FullFwd,43,84.0,234,033
260208-145358,FullFwd,44,56.0,234,033
260208-145358,FullFwd,45,41.0,234,033
260208-145358,FullFwd,46,14.0,234,033
260208-145358,NoBkFullFwd,42,116.0,234,033
260208-145358,NoBkFullFwd,43,113.0,234,033
260208-145358,NoBkFullFwd,44,134.0,234,033
260208-145358,NoBkFullFwd,45,158.0,234,033
260208-145358,NoBkFullFwd,46,147.0,234,033
260208-145358,Clone_ego,42,99.0,234,033
260208-145358,Clone_ego,43,42.0,234,033
260208-145358,Clone_ego,44,72.0,234,033
260208-145358,Clone_ego,45,80.0,234,033
260208-145358,Clone_ego,46,69.0,234,033
260208-145358,Clone_allo_real,42,42.0,234,033
260208-145358,Clone_allo_real,43,35.0,234,033
260208-145358,Clone_allo_real,44,32.0,234,033
260208-145358,Clone_allo_real,45,51.0,234,033
260208-145358,Clone_allo_real,46,21.0,234,033
260208-145358,Clone_allo_latent,42,42.0,234,033
260208-145358,Clone_allo_latent,43,35.0,234,033
260208-145358,Clone_allo_latent,44,32.0,234,033
260208-145358,Clone_allo_latent,45,51.0,234,033
260208-145358,Clone_allo_latent,46,21.0,234,033
260209-143612,FullFwd,42,49.0,223,033
260209-143612,FullFwd,43,84.0,223,033
260209-143612,FullFwd,44,56.0,223,033
260209-143612,FullFwd,45,41.0,223,033
260209-143612,FullFwd,46,14.0,223,033
260209-143612,NoBkFullFwd,42,108.0,223,033
260209-143612,NoBkFullFwd,43,110.0,223,033
260209-143612,NoBkFullFwd,44,124.0,223,033
260209-143612,NoBkFullFwd,45,150.0,223,033
260209-143612,NoBkFullFwd,46,136.0,223,033
260209-143612,Clone_ego,42,64.0,223,033
260209-143612,Clone_ego,43,110.0,223,033
260209-143612,Clone_ego,44,58.0,223,033
260209-143612,Clone_ego,45,77.0,223,033
260209-143612,Clone_ego,46,54.0,223,033
260209-143612,Clone_allo_real,42,40.0,223,033
260209-143612,Clone_allo_real,43,42.0,223,033
260209-143612,Clone_allo_real,44,49.0,223,033
260209-143612,Clone_allo_real,45,49.0,223,033
260209-143612,Clone_allo_real,46,53.0,223,033
260209-143612,Clone_allo_latent,42,40.0,223,033
260209-143612,Clone_allo_latent,43,42.0,223,033
260209-143612,Clone_allo_latent,44,49.0,223,033
260209-143612,Clone_allo_latent,45,49.0,223,033
260209-143612,Clone_allo_latent,46,53.0,223,033
260210-142932,FullFwd,42,49.0,236,033
260210-142932,FullFwd,43,84.0,236,033
260210-142932,FullFwd,44,56.0,236,033
260210-142932,FullFwd,45,41.0,236,033
260210-142932,FullFwd,46,14.0,236,033
260210-142932,NoBkFullFwd,42,118.0,236,033
260210-142932,NoBkFullFwd,43,115.0,236,033
260210-142932,NoBkFullFwd,44,134.0,236,033
260210-142932,NoBkFullFwd,45,160.0,236,033
260210-142932,NoBkFullFwd,46,149.0,236,033
260210-142932,Clone_ego,42,77.0,236,033
260210-142932,Clone_ego,43,84.0,236,033
260210-142932,Clone_ego,44,63.0,236,033
260210-142932,Clone_ego,45,67.0,236,033
260210-142932,Clone_ego,46,74.0,236,033
260210-142932,Clone_allo_real,42,42.0,236,033
260210-142932,Clone_allo_real,43,53.0,236,033
260210-142932,Clone_allo_real,44,74.0,236,033
260210-142932,Clone_allo_real,45,38.0,236,033
260210-142932,Clone_allo_real,46,21.0,236,033
260210-142932,Clone_allo_latent,42,42.0,236,033
260210-142932,Clone_allo_latent,43,53.0,236,033
260210-142932,Clone_allo_latent,44,74.0,236,033
260210-142932,Clone_allo_latent,45,38.0,236,033
260210-142932,Clone_allo_latent,46,21.0,236,033
260211-143636,FullFwd,42,53.0,283,033
260211-143636,FullFwd,43,84.0,283,033
260211-143636,FullFwd,44,68.0,283,033
260211-143636,FullFwd,45,50.0,283,033
260211-143636,FullFwd,46,14.0,283,033
260211-143636,NoBkFullFwd,42,125.0,283,033
260211-143636,NoBkFullFwd,43,158.0,283,033
260211-143636,NoBkFullFwd,44,165.0,283,033
260211-143636,NoBkFullFwd,45,166.0,283,033
260211-143636,NoBkFullFwd,46,152.0,283,033
260211-143636,Clone_ego,42,106.0,283,033
260211-143636,Clone_ego,43,66.0,283,033
260211-143636,Clone_ego,44,60.0,283,033
260211-143636,Clone_ego,45,110.0,283,033
260211-143636,Clone_ego,46,78.0,283,033
260211-143636,Clone_allo_real,42,40.0,283,033
260211-143636,Clone_allo_real,43,59.0,283,033
260211-143636,Clone_allo_real,44,14.0,283,033
260211-143636,Clone_allo_real,45,55.0,283,033
260211-143636,Clone_allo_real,46,54.0,283,033
260211-143636,Clone_allo_latent,42,40.0,283,033
260211-143636,Clone_allo_latent,43,59.0,283,033
260211-143636,Clone_allo_latent,44,14.0,283,033
260211-143636,Clone_allo_latent,45,55.0,283,033
260211-143636,Clone_allo_latent,46,54.0,283,033
260213-001923,FullFwd,42,53.0,250,033
260213-001923,FullFwd,43,84.0,250,033
260213-001923,FullFwd,44,58.0,250,033
260213-001923,FullFwd,45,41.0,250,033
260213-001923,FullFwd,46,14.0,250,033
260213-001923,NoBkFullFwd,42,125.0,250,033
260213-001923,NoBkFullFwd,43,127.0,250,033
260213-001923,NoBkFullFwd,44,141.0,250,033
260213-001923,NoBkFullFwd,45,166.0,250,033
260213-001923,NoBkFullFwd,46,152.0,250,033
260213-001923,Clone_ego,42,94.0,250,033
260213-001923,Clone_ego,43,84.0,250,033
260213-001923,Clone_ego,44,84.0,250,033
260213-001923,Clone_ego,45,84.0,250,033
260213-001923,Clone_ego,46,70.0,250,033
260213-001923,Clone_allo_real,42,51.0,250,033
260213-001923,Clone_allo_real,43,40.0,250,033
260213-001923,Clone_allo_real,44,37.0,250,033
260213-001923,Clone_allo_real,45,51.0,250,033
260213-001923,Clone_allo_real,46,21.0,250,033
260213-001923,Clone_allo_latent,42,51.0,250,033
260213-001923,Clone_allo_latent,43,40.0,250,033
260213-001923,Clone_allo_latent,44,37.0,250,033
260213-001923,Clone_allo_latent,45,51.0,250,033
260213-001923,Clone_allo_latent,46,21.0,250,033
260213-223917,FullFwd,42,53.0,257,033
260213-223917,FullFwd,43,84.0,257,033
260213-223917,FullFwd,44,62.0,257,033
260213-223917,FullFwd,45,41.0,257,033
260213-223917,FullFwd,46,14.0,257,033
260213-223917,NoBkFullFwd,42,125.0,257,033
260213-223917,NoBkFullFwd,43,133.0,257,033
260213-223917,NoBkFullFwd,44,148.0,257,033
260213-223917,NoBkFullFwd,45,166.0,257,033
260213-223917,NoBkFullFwd,46,152.0,257,033
260213-223917,Clone_ego,42,73.0,257,033
260213-223917,Clone_ego,43,98.0,257,033
260213-223917,Clone_ego,44,64.0,257,033
260213-223917,Clone_ego,45,56.0,257,033
260213-223917,Clone_ego,46,98.0,257,033
260213-223917,Clone_allo_real,42,27.0,257,033
260213-223917,Clone_allo_real,43,54.0,257,033
260213-223917,Clone_allo_real,44,68.0,257,033
260213-223917,Clone_allo_real,45,50.0,257,033
260213-223917,Clone_allo_real,46,21.0,257,033
260213-223917,Clone_allo_latent,42,27.0,257,033
260213-223917,Clone_allo_latent,43,54.0,257,033
260213-223917,Clone_allo_latent,44,68.0,257,033
260213-223917,Clone_allo_latent,45,50.0,257,033
260213-223917,Clone_allo_latent,46,21.0,257,033
260216-230300,FullFwd,42,53.0,270,033
260216-230300,FullFwd,43,84.0,270,033
260216-230300,FullFwd,44,68.0,270,033
260216-230300,FullFwd,45,47.0,270,033
260216-230300,FullFwd,46,14.0,270,033
260216-230300,NoBkFullFwd,42,125.0,270,033
260216-230300,NoBkFullFwd,43,145.0,270,033
260216-230300,NoBkFullFwd,44,153.0,270,033
260216-230300,NoBkFullFwd,45,166.0,270,033
260216-230300,NoBkFullFwd,46,152.0,270,033
260216-230300,Clone_ego,42,73.0,270,033
260216-230300,Clone_ego,43,35.0,270,033
260216-230300,Clone_ego,44,84.0,270,033
260216-230300,Clone_ego,45,97.0,270,033
260216-230300,Clone_ego,46,60.0,270,033
260216-230300,Clone_allo_real,42,51.0,270,033
260216-230300,Clone_allo_real,43,40.0,270,033
260216-230300,Clone_allo_real,44,41.0,270,033
260216-230300,Clone_allo_real,45,51.0,270,033
260216-230300,Clone_allo_real,46,27.0,270,033
260216-230300,Clone_allo_latent,42,51.0,270,033
260216-230300,Clone_allo_latent,43,40.0,270,033
260216-230300,Clone_allo_latent,44,41.0,270,033
260216-230300,Clone_allo_latent,45,51.0,270,033
260216-230300,Clone_allo_latent,46,27.0,270,033
260217-193501,FullFwd,42,53.0,242,033
260217-193501,FullFwd,43,84.0,242,033
260217-193501,FullFwd,44,56.0,242,033
260217-193501,FullFwd,45,41.0,242,033
260217-193501,FullFwd,46,14.0,242,033
260217-193501,NoBkFullFwd,42,123.0,242,033
260217-193501,NoBkFullFwd,43,121.0,242,033
260217-193501,NoBkFullFwd,44,134.0,242,033
260217-193501,NoBkFullFwd,45,165.0,242,033
260217-193501,NoBkFullFwd,46,152.0,242,033
260217-193501,Clone_ego,42,90.0,242,033
260217-193501,Clone_ego,43,80.0,242,033
260217-193501,Clone_ego,44,55.0,242,033
260217-193501,Clone_ego,45,91.0,242,033
260217-193501,Clone_ego,46,54.0,242,033
260217-193501,Clone_allo_real,42,52.0,242,033
260217-193501,Clone_allo_real,43,46.0,242,033
260217-193501,Clone_allo_real,44,67.0,242,033
260217-193501,Clone_allo_real,45,38.0,242,033
260217-193501,Clone_allo_real,46,21.0,242,033
260217-193501,Clone_allo_latent,42,52.0,242,033
260217-193501,Clone_allo_latent,43,46.0,242,033
260217-193501,Clone_allo_latent,44,67.0,242,033
260217-193501,Clone_allo_latent,45,38.0,242,033
260217-193501,Clone_allo_latent,46,21.0,242,033
260218-180723,FullFwd,42,69.0,291,033
260218-180723,FullFwd,43,55.0,291,033
260218-180723,FullFwd,44,41.0,291,033
260218-180723,FullFwd,45,42.0,291,033
260218-180723,FullFwd,46,14.0,291,033
260218-180723,NoBkFullFwd,42,153.0,291,033
260218-180723,NoBkFullFwd,43,148.0,291,033
260218-180723,NoBkFullFwd,44,119.0,291,033
260218-180723,NoBkFullFwd,45,184.0,291,033
260218-180723,NoBkFullFwd,46,191.0,291,033
260218-180723,Clone_ego,42,56.0,291,033
260218-180723,Clone_ego,43,55.0,291,033
260218-180723,Clone_ego,44,102.0,291,033
260218-180723,Clone_ego,45,54.0,291,033
260218-180723,Clone_ego,46,95.0,291,033
260218-180723,Clone_allo_real,42,22.0,291,033
260218-180723,Clone_allo_real,43,50.0,291,033
260218-180723,Clone_allo_real,44,68.0,291,033
260218-180723,Clone_allo_real,45,26.0,291,033
260218-180723,Clone_allo_real,46,33.0,291,033
260218-180723,Clone_allo_latent,42,22.0,291,033
260218-180723,Clone_allo_latent,43,50.0,291,033
260218-180723,Clone_allo_latent,44,68.0,291,033
260218-180723,Clone_allo_latent,45,26.0,291,033
260218-180723,Clone_allo_latent,46,33.0,291,033
260219-233757,FullFwd,42,41.0,175,033
260219-233757,FullFwd,43,42.0,175,033
260219-233757,FullFwd,44,32.0,175,033
260219-233757,FullFwd,45,22.0,175,033
260219-233757,FullFwd,46,14.0,175,033
260219-233757,NoBkFullFwd,42,106.0,175,033
260219-233757,NoBkFullFwd,43,89.0,175,033
260219-233757,NoBkFullFwd,44,64.0,175,033
260219-233757,NoBkFullFwd,45,97.0,175,033
260219-233757,NoBkFullFwd,46,115.0,175,033
260219-233757,Clone_ego,42,27.0,175,033
260219-233757,Clone_ego,43,81.0,175,033
260219-233757,Clone_ego,44,68.0,175,033
260219-233757,Clone_ego,45,56.0,175,033
260219-233757,Clone_ego,46,42.0,175,033
260219-233757,Clone_allo_real,42,34.0,175,033
260219-233757,Clone_allo_real,43,26.0,175,033
260219-233757,Clone_allo_real,44,33.0,175,033
260219-233757,Clone_allo_real,45,12.0,175,033
260219-233757,Clone_allo_real,46,9.0,175,033
260219-233757,Clone_allo_latent,42,34.0,175,033
260219-233757,Clone_allo_latent,43,26.0,175,033
260219-233757,Clone_allo_latent,44,33.0,175,033
260219-233757,Clone_allo_latent,45,12.0,175,033
260219-233757,Clone_allo_latent,46,9.0,175,033
260220-185055,FullFwd,42,69.0,246,033
260220-185055,FullFwd,43,55.0,246,033
260220-185055,FullFwd,44,41.0,246,033
260220-185055,FullFwd,45,42.0,246,033
260220-185055,FullFwd,46,14.0,246,033
260220-185055,NoBkFullFwd,42,134.0,246,033
260220-185055,NoBkFullFwd,43,119.0,246,033
260220-185055,NoBkFullFwd,44,103.0,246,033
260220-185055,NoBkFullFwd,45,155.0,246,033
260220-185055,NoBkFullFwd,46,161.0,246,033
260220-185055,Clone_ego,42,77.0,246,033
260220-185055,Clone_ego,43,81.0,246,033
260220-185055,Clone_ego,44,78.0,246,033
260220-185055,Clone_ego,45,49.0,246,033
260220-185055,Clone_ego,46,62.0,246,033
260220-185055,Clone_allo_real,42,52.0,246,033
260220-185055,Clone_allo_real,43,48.0,246,033
260220-185055,Clone_allo_real,44,64.0,246,033
260220-185055,Clone_allo_real,45,38.0,246,033
260220-185055,Clone_allo_real,46,22.0,246,033
260220-185055,Clone_allo_latent,42,52.0,246,033
260220-185055,Clone_allo_latent,43,48.0,246,033
260220-185055,Clone_allo_latent,44,64.0,246,033
260220-185055,Clone_allo_latent,45,38.0,246,033
260220-185055,Clone_allo_latent,46,22.0,246,033
260222-190726,FullFwd,42,41.0,151,033
260222-190726,FullFwd,43,35.0,151,033
260222-190726,FullFwd,44,27.0,151,033
260222-190726,FullFwd,45,21.0,151,033
260222-190726,FullFwd,46,14.0,151,033
260222-190726,NoBkFullFwd,42,101.0,151,033
260222-190726,NoBkFullFwd,43,78.0,151,033
260222-190726,NoBkFullFwd,44,64.0,151,033
260222-190726,NoBkFullFwd,45,78.0,151,033
260222-190726,NoBkFullFwd,46,105.0,151,033
260222-190726,Clone_ego,42,22.0,151,033
260222-190726,Clone_ego,43,55.0,151,033
260222-190726,Clone_ego,44,42.0,151,033
260222-190726,Clone_ego,45,25.0,151,033
260222-190726,Clone_ego,46,35.0,151,033
260222-190726,Clone_allo_real,42,49.0,151,033
260222-190726,Clone_allo_real,43,25.0,151,033
260222-190726,Clone_allo_real,44,42.0,151,033
260222-190726,Clone_allo_real,45,24.0,151,033
260222-190726,Clone_allo_real,46,13.0,151,033
260222-190726,Clone_allo_latent,42,49.0,151,033
260222-190726,Clone_allo_latent,43,25.0,151,033
260222-190726,Clone_allo_latent,44,42.0,151,033
260222-190726,Clone_allo_latent,45,24.0,151,033
260222-190726,Clone_allo_latent,46,13.0,151,033
260223-191545,FullFwd,42,32.0,131,033
260223-191545,FullFwd,43,32.0,131,033
260223-191545,FullFwd,44,23.0,131,033
260223-191545,FullFwd,45,13.0,131,033
260223-191545,FullFwd,46,14.0,131,033
260223-191545,NoBkFullFwd,42,93.0,131,033
260223-191545,NoBkFullFwd,43,66.0,131,033
260223-191545,NoBkFullFwd,44,55.0,131,033
260223-191545,NoBkFullFwd,45,69.0,131,033
260223-191545,NoBkFullFwd,46,90.0,131,033
260223-191545,Clone_ego,42,52.0,131,033
260223-191545,Clone_ego,43,53.0,131,033
260223-191545,Clone_ego,44,27.0,131,033
260223-191545,Clone_ego,45,46.0,131,033
260223-191545,Clone_ego,46,27.0,131,033
260223-191545,Clone_allo_real,42,48.0,131,033
260223-191545,Clone_allo_real,43,22.0,131,033
260223-191545,Clone_allo_real,44,41.0,131,033
260223-191545,Clone_allo_real,45,24.0,131,033
260223-191545,Clone_allo_real,46,10.0,131,033
260223-191545,Clone_allo_latent,42,48.0,131,033
260223-191545,Clone_allo_latent,43,22.0,131,033
260223-191545,Clone_allo_latent,44,41.0,131,033
260223-191545,Clone_allo_latent,45,24.0,131,033
260223-191545,Clone_allo_latent,46,10.0,131,033
