V_target,n_nodes,side,instance,agent,seed,n_actions,total_reward,rpa,wall_time_s,wall_time_budget_exceeded,timestamp
36,36,6,0,Random,0,108,23.0,0.21296296296296297,0.0016481876373291016,False,2026-05-02T12:45:09
36,36,6,0,Random,1,108,29.0,0.26851851851851855,0.0007431507110595703,False,2026-05-02T12:45:09
36,36,6,0,Random,2,108,23.0,0.21296296296296297,0.000659942626953125,False,2026-05-02T12:45:09
36,36,6,0,Random,3,108,19.0,0.17592592592592593,0.0006847381591796875,False,2026-05-02T12:45:09
36,36,6,0,Random,4,108,33.0,0.3055555555555556,0.0006787776947021484,False,2026-05-02T12:45:09
36,36,6,0,Random_forward,0,108,34.0,0.3148148148148148,0.0010077953338623047,False,2026-05-02T12:45:09
36,36,6,0,Random_forward,1,108,34.0,0.3148148148148148,0.0008771419525146484,False,2026-05-02T12:45:09
36,36,6,0,Random_forward,2,108,34.0,0.3148148148148148,0.0007817745208740234,False,2026-05-02T12:45:09
36,36,6,0,Random_forward,3,108,52.0,0.48148148148148145,0.0009219646453857422,False,2026-05-02T12:45:09
36,36,6,0,Random_forward,4,108,44.0,0.4074074074074074,0.0008478164672851562,False,2026-05-02T12:45:09
36,36,6,0,Greedy_oracle,0,108,94.0,0.8703703703703703,0.0006573200225830078,False,2026-05-02T12:45:09
36,36,6,0,Greedy_oracle,1,108,94.0,0.8703703703703703,0.0006618499755859375,False,2026-05-02T12:45:09
36,36,6,0,Greedy_oracle,2,108,94.0,0.8703703703703703,0.0006787776947021484,False,2026-05-02T12:45:09
36,36,6,0,Greedy_oracle,3,108,94.0,0.8703703703703703,0.0006761550903320312,False,2026-05-02T12:45:09
36,36,6,0,Greedy_oracle,4,108,94.0,0.8703703703703703,0.0006611347198486328,False,2026-05-02T12:45:09
36,36,6,0,POMCP,0,108,73.0,0.6759259259259259,1.7914419174194336,False,2026-05-02T12:45:11
36,36,6,0,POMCP,1,108,68.0,0.6296296296296297,1.7625951766967773,False,2026-05-02T12:45:13
36,36,6,0,POMCP,2,108,67.0,0.6203703703703703,1.878957748413086,False,2026-05-02T12:45:15
36,36,6,0,POMCP,3,108,75.0,0.6944444444444444,1.841742992401123,False,2026-05-02T12:45:16
36,36,6,0,POMCP,4,108,68.0,0.6296296296296297,1.8585450649261475,False,2026-05-02T12:45:18
36,36,6,0,POMCP_bio_allo,0,108,36.0,0.3333333333333333,2.3293771743774414,False,2026-05-02T12:45:21
36,36,6,0,POMCP_bio_allo,1,108,36.0,0.3333333333333333,2.417997121810913,False,2026-05-02T12:45:23
36,36,6,0,POMCP_bio_allo,2,108,40.0,0.37037037037037035,2.266512870788574,False,2026-05-02T12:45:25
36,36,6,0,POMCP_bio_allo,3,108,37.0,0.3425925925925926,2.7178750038146973,False,2026-05-02T12:45:28
36,36,6,0,POMCP_bio_allo,4,108,67.0,0.6203703703703703,2.234632968902588,False,2026-05-02T12:45:30
36,36,6,0,FSC_bio,0,108,41.0,0.37962962962962965,0.002646923065185547,False,2026-05-02T12:45:30
36,36,6,0,FSC_bio,1,108,34.0,0.3148148148148148,0.002029895782470703,False,2026-05-02T12:45:30
36,36,6,0,FSC_bio,2,108,33.0,0.3055555555555556,0.0020279884338378906,False,2026-05-02T12:45:30
36,36,6,0,FSC_bio,3,108,33.0,0.3055555555555556,0.0019888877868652344,False,2026-05-02T12:45:30
36,36,6,0,FSC_bio,4,108,34.0,0.3148148148148148,0.0019719600677490234,False,2026-05-02T12:45:30
36,36,6,0,POMCP_bio_ego,0,108,31.0,0.28703703703703703,0.0009009838104248047,False,2026-05-02T12:45:30
36,36,6,0,POMCP_bio_ego,1,108,25.0,0.23148148148148148,0.00096893310546875,False,2026-05-02T12:45:30
36,36,6,0,POMCP_bio_ego,2,108,26.0,0.24074074074074073,0.0010418891906738281,False,2026-05-02T12:45:30
36,36,6,0,POMCP_bio_ego,3,108,8.0,0.07407407407407407,0.0011320114135742188,False,2026-05-02T12:45:30
36,36,6,0,POMCP_bio_ego,4,108,24.0,0.2222222222222222,0.0008502006530761719,False,2026-05-02T12:45:30
36,35,6,1,Random,0,108,18.0,0.16666666666666666,0.0007381439208984375,False,2026-05-02T12:45:30
36,35,6,1,Random,1,108,19.0,0.17592592592592593,0.0006868839263916016,False,2026-05-02T12:45:30
36,35,6,1,Random,2,108,29.0,0.26851851851851855,0.0006859302520751953,False,2026-05-02T12:45:30
36,35,6,1,Random,3,108,25.0,0.23148148148148148,0.0006780624389648438,False,2026-05-02T12:45:30
36,35,6,1,Random,4,108,17.0,0.1574074074074074,0.0006768703460693359,False,2026-05-02T12:45:30
36,35,6,1,Random_forward,0,108,43.0,0.39814814814814814,0.0008831024169921875,False,2026-05-02T12:45:30
36,35,6,1,Random_forward,1,108,29.0,0.26851851851851855,0.0008251667022705078,False,2026-05-02T12:45:30
36,35,6,1,Random_forward,2,108,52.0,0.48148148148148145,0.0008330345153808594,False,2026-05-02T12:45:30
36,35,6,1,Random_forward,3,108,41.0,0.37962962962962965,0.0008339881896972656,False,2026-05-02T12:45:30
36,35,6,1,Random_forward,4,108,39.0,0.3611111111111111,0.0008211135864257812,False,2026-05-02T12:45:30
36,35,6,1,Greedy_oracle,0,108,85.0,0.7870370370370371,0.0008261203765869141,False,2026-05-02T12:45:30
36,35,6,1,Greedy_oracle,1,108,85.0,0.7870370370370371,0.0007951259613037109,False,2026-05-02T12:45:30
36,35,6,1,Greedy_oracle,2,108,85.0,0.7870370370370371,0.0007951259613037109,False,2026-05-02T12:45:30
36,35,6,1,Greedy_oracle,3,108,85.0,0.7870370370370371,0.0007939338684082031,False,2026-05-02T12:45:30
36,35,6,1,Greedy_oracle,4,108,85.0,0.7870370370370371,0.0007870197296142578,False,2026-05-02T12:45:30
36,35,6,1,POMCP,0,108,66.0,0.6111111111111112,1.7856833934783936,False,2026-05-02T12:45:32
36,35,6,1,POMCP,1,108,66.0,0.6111111111111112,1.7588188648223877,False,2026-05-02T12:45:34
36,35,6,1,POMCP,2,108,63.0,0.5833333333333334,1.7518291473388672,False,2026-05-02T12:45:36
36,35,6,1,POMCP,3,108,68.0,0.6296296296296297,1.7485949993133545,False,2026-05-02T12:45:37
36,35,6,1,POMCP,4,108,65.0,0.6018518518518519,1.7741131782531738,False,2026-05-02T12:45:39
36,35,6,1,POMCP_bio_allo,0,108,41.0,0.37962962962962965,2.591024875640869,False,2026-05-02T12:45:42
36,35,6,1,POMCP_bio_allo,1,108,40.0,0.37037037037037035,2.7011611461639404,False,2026-05-02T12:45:44
36,35,6,1,POMCP_bio_allo,2,108,40.0,0.37037037037037035,2.6105101108551025,False,2026-05-02T12:45:47
36,35,6,1,POMCP_bio_allo,3,108,43.0,0.39814814814814814,2.4778900146484375,False,2026-05-02T12:45:49
36,35,6,1,POMCP_bio_allo,4,108,41.0,0.37962962962962965,2.487974166870117,False,2026-05-02T12:45:52
36,35,6,1,FSC_bio,0,108,29.0,0.26851851851851855,0.002254009246826172,False,2026-05-02T12:45:52
36,35,6,1,FSC_bio,1,108,31.0,0.28703703703703703,0.0020689964294433594,False,2026-05-02T12:45:52
36,35,6,1,FSC_bio,2,108,33.0,0.3055555555555556,0.0021369457244873047,False,2026-05-02T12:45:52
36,35,6,1,FSC_bio,3,108,33.0,0.3055555555555556,0.0020279884338378906,False,2026-05-02T12:45:52
36,35,6,1,FSC_bio,4,108,57.0,0.5277777777777778,0.002179861068725586,False,2026-05-02T12:45:52
36,35,6,1,POMCP_bio_ego,0,108,18.0,0.16666666666666666,0.0007789134979248047,False,2026-05-02T12:45:52
36,35,6,1,POMCP_bio_ego,1,108,24.0,0.2222222222222222,0.0008318424224853516,False,2026-05-02T12:45:52
36,35,6,1,POMCP_bio_ego,2,108,27.0,0.25,0.0007700920104980469,False,2026-05-02T12:45:52
36,35,6,1,POMCP_bio_ego,3,108,22.0,0.2037037037037037,0.0010099411010742188,False,2026-05-02T12:45:52
36,35,6,1,POMCP_bio_ego,4,108,31.0,0.28703703703703703,0.0008521080017089844,False,2026-05-02T12:45:52
36,36,6,2,Random,0,108,18.0,0.16666666666666666,0.0007631778717041016,False,2026-05-02T12:45:52
36,36,6,2,Random,1,108,24.0,0.2222222222222222,0.0007219314575195312,False,2026-05-02T12:45:52
36,36,6,2,Random,2,108,29.0,0.26851851851851855,0.0007240772247314453,False,2026-05-02T12:45:52
36,36,6,2,Random,3,108,24.0,0.2222222222222222,0.0006847381591796875,False,2026-05-02T12:45:52
36,36,6,2,Random,4,108,32.0,0.2962962962962963,0.0007100105285644531,False,2026-05-02T12:45:52
36,36,6,2,Random_forward,0,108,29.0,0.26851851851851855,0.0008828639984130859,False,2026-05-02T12:45:52
36,36,6,2,Random_forward,1,108,23.0,0.21296296296296297,0.0008249282836914062,False,2026-05-02T12:45:52
36,36,6,2,Random_forward,2,108,33.0,0.3055555555555556,0.0008518695831298828,False,2026-05-02T12:45:52
36,36,6,2,Random_forward,3,108,34.0,0.3148148148148148,0.0008611679077148438,False,2026-05-02T12:45:52
36,36,6,2,Random_forward,4,108,29.0,0.26851851851851855,0.0008740425109863281,False,2026-05-02T12:45:52
36,36,6,2,Greedy_oracle,0,108,77.0,0.7129629629629629,0.0009610652923583984,False,2026-05-02T12:45:52
36,36,6,2,Greedy_oracle,1,108,77.0,0.7129629629629629,0.0009012222290039062,False,2026-05-02T12:45:52
36,36,6,2,Greedy_oracle,2,108,77.0,0.7129629629629629,0.0008950233459472656,False,2026-05-02T12:45:52
36,36,6,2,Greedy_oracle,3,108,77.0,0.7129629629629629,0.0009288787841796875,False,2026-05-02T12:45:52
36,36,6,2,Greedy_oracle,4,108,77.0,0.7129629629629629,0.0008978843688964844,False,2026-05-02T12:45:52
36,36,6,2,POMCP,0,108,66.0,0.6111111111111112,1.7865409851074219,False,2026-05-02T12:45:54
36,36,6,2,POMCP,1,108,53.0,0.49074074074074076,1.7518601417541504,False,2026-05-02T12:45:56
36,36,6,2,POMCP,2,108,61.0,0.5648148148148148,1.7702527046203613,False,2026-05-02T12:45:57
36,36,6,2,POMCP,3,108,64.0,0.5925925925925926,1.8150112628936768,False,2026-05-02T12:45:59
36,36,6,2,POMCP,4,108,57.0,0.5277777777777778,1.697943925857544,False,2026-05-02T12:46:01
36,36,6,2,POMCP_bio_allo,0,108,67.0,0.6203703703703703,2.495736837387085,False,2026-05-02T12:46:03
36,36,6,2,POMCP_bio_allo,1,108,64.0,0.5925925925925926,2.5893609523773193,False,2026-05-02T12:46:06
36,36,6,2,POMCP_bio_allo,2,108,62.0,0.5740740740740741,2.5151898860931396,False,2026-05-02T12:46:08
36,36,6,2,POMCP_bio_allo,3,108,63.0,0.5833333333333334,2.655015230178833,False,2026-05-02T12:46:11
36,36,6,2,POMCP_bio_allo,4,108,67.0,0.6203703703703703,2.6758720874786377,False,2026-05-02T12:46:14
36,36,6,2,FSC_bio,0,108,34.0,0.3148148148148148,0.002424001693725586,False,2026-05-02T12:46:14
36,36,6,2,FSC_bio,1,108,25.0,0.23148148148148148,0.002123117446899414,False,2026-05-02T12:46:14
36,36,6,2,FSC_bio,2,108,34.0,0.3148148148148148,0.002158641815185547,False,2026-05-02T12:46:14
36,36,6,2,FSC_bio,3,108,34.0,0.3148148148148148,0.0021181106567382812,False,2026-05-02T12:46:14
36,36,6,2,FSC_bio,4,108,32.0,0.2962962962962963,0.0021419525146484375,False,2026-05-02T12:46:14
36,36,6,2,POMCP_bio_ego,0,108,30.0,0.2777777777777778,0.0010859966278076172,False,2026-05-02T12:46:14
36,36,6,2,POMCP_bio_ego,1,108,27.0,0.25,0.0010747909545898438,False,2026-05-02T12:46:14
36,36,6,2,POMCP_bio_ego,2,108,16.0,0.14814814814814814,0.0009860992431640625,False,2026-05-02T12:46:14
36,36,6,2,POMCP_bio_ego,3,108,20.0,0.18518518518518517,0.0008740425109863281,False,2026-05-02T12:46:14
36,36,6,2,POMCP_bio_ego,4,108,24.0,0.2222222222222222,0.0009410381317138672,False,2026-05-02T12:46:14
100,100,10,0,Random,0,300,61.0,0.20333333333333334,0.0018553733825683594,False,2026-05-02T12:46:14
100,100,10,0,Random,1,300,56.0,0.18666666666666668,0.0017957687377929688,False,2026-05-02T12:46:14
100,100,10,0,Random,2,300,61.0,0.20333333333333334,0.0017848014831542969,False,2026-05-02T12:46:14
100,100,10,0,Random,3,300,41.0,0.13666666666666666,0.0017848014831542969,False,2026-05-02T12:46:14
100,100,10,0,Random,4,300,71.0,0.23666666666666666,0.0017659664154052734,False,2026-05-02T12:46:14
100,100,10,0,Random_forward,0,300,80.0,0.26666666666666666,0.0022318363189697266,False,2026-05-02T12:46:14
100,100,10,0,Random_forward,1,300,82.0,0.2733333333333333,0.002185344696044922,False,2026-05-02T12:46:14
100,100,10,0,Random_forward,2,300,78.0,0.26,0.0021750926971435547,False,2026-05-02T12:46:14
100,100,10,0,Random_forward,3,300,68.0,0.22666666666666666,0.002156972885131836,False,2026-05-02T12:46:14
100,100,10,0,Random_forward,4,300,81.0,0.27,0.0021729469299316406,False,2026-05-02T12:46:14
100,100,10,0,Greedy_oracle,0,300,221.0,0.7366666666666667,0.00438690185546875,False,2026-05-02T12:46:14
100,100,10,0,Greedy_oracle,1,300,221.0,0.7366666666666667,0.004209995269775391,False,2026-05-02T12:46:14
100,100,10,0,Greedy_oracle,2,300,221.0,0.7366666666666667,0.0041391849517822266,False,2026-05-02T12:46:14
100,100,10,0,Greedy_oracle,3,300,221.0,0.7366666666666667,0.0042629241943359375,False,2026-05-02T12:46:14
100,100,10,0,Greedy_oracle,4,300,221.0,0.7366666666666667,0.004194974899291992,False,2026-05-02T12:46:14
100,100,10,0,POMCP,0,300,182.0,0.6066666666666667,7.421007871627808,False,2026-05-02T12:46:21
100,100,10,0,POMCP,1,300,164.0,0.5466666666666666,7.210820913314819,False,2026-05-02T12:46:28
100,100,10,0,POMCP,2,300,171.0,0.57,7.18374228477478,False,2026-05-02T12:46:36
100,100,10,0,POMCP,3,300,173.0,0.5766666666666667,7.177975177764893,False,2026-05-02T12:46:43
100,100,10,0,POMCP,4,300,180.0,0.6,7.188237905502319,False,2026-05-02T12:46:50
100,100,10,0,POMCP_bio_allo,0,300,108.0,0.36,7.373269081115723,False,2026-05-02T12:46:57
100,100,10,0,POMCP_bio_allo,1,300,109.0,0.36333333333333334,6.35154914855957,False,2026-05-02T12:47:04
100,100,10,0,POMCP_bio_allo,2,300,100.0,0.3333333333333333,7.636490821838379,False,2026-05-02T12:47:11
100,100,10,0,POMCP_bio_allo,3,300,100.0,0.3333333333333333,7.840880870819092,False,2026-05-02T12:47:19
100,100,10,0,POMCP_bio_allo,4,300,101.0,0.33666666666666667,7.358723878860474,False,2026-05-02T12:47:27
100,100,10,0,FSC_bio,0,300,82.0,0.2733333333333333,0.0057621002197265625,False,2026-05-02T12:47:27
100,100,10,0,FSC_bio,1,300,88.0,0.29333333333333333,0.005830287933349609,False,2026-05-02T12:47:27
100,100,10,0,FSC_bio,2,300,95.0,0.31666666666666665,0.005766153335571289,False,2026-05-02T12:47:27
100,100,10,0,FSC_bio,3,300,92.0,0.30666666666666664,0.005489826202392578,False,2026-05-02T12:47:27
100,100,10,0,FSC_bio,4,300,94.0,0.31333333333333335,0.005449056625366211,False,2026-05-02T12:47:27
100,100,10,0,POMCP_bio_ego,0,300,49.0,0.16333333333333333,0.005003929138183594,False,2026-05-02T12:47:27
100,100,10,0,POMCP_bio_ego,1,300,61.0,0.20333333333333334,0.0042726993560791016,False,2026-05-02T12:47:27
100,100,10,0,POMCP_bio_ego,2,300,72.0,0.24,0.004921913146972656,False,2026-05-02T12:47:27
100,100,10,0,POMCP_bio_ego,3,300,55.0,0.18333333333333332,0.0046689510345458984,False,2026-05-02T12:47:27
100,100,10,0,POMCP_bio_ego,4,300,64.0,0.21333333333333335,0.00459599494934082,False,2026-05-02T12:47:27
100,99,10,1,Random,0,300,63.0,0.21,0.001851797103881836,False,2026-05-02T12:47:27
100,99,10,1,Random,1,300,49.0,0.16333333333333333,0.0017740726470947266,False,2026-05-02T12:47:27
100,99,10,1,Random,2,300,79.0,0.2633333333333333,0.001737356185913086,False,2026-05-02T12:47:27
100,99,10,1,Random,3,300,49.0,0.16333333333333333,0.0017709732055664062,False,2026-05-02T12:47:27
100,99,10,1,Random,4,300,67.0,0.22333333333333333,0.001798868179321289,False,2026-05-02T12:47:27
100,99,10,1,Random_forward,0,300,89.0,0.2966666666666667,0.0022988319396972656,False,2026-05-02T12:47:27
100,99,10,1,Random_forward,1,300,79.0,0.2633333333333333,0.0021262168884277344,False,2026-05-02T12:47:27
100,99,10,1,Random_forward,2,300,75.0,0.25,0.002113819122314453,False,2026-05-02T12:47:27
100,99,10,1,Random_forward,3,300,91.0,0.30333333333333334,0.0021219253540039062,False,2026-05-02T12:47:27
100,99,10,1,Random_forward,4,300,89.0,0.2966666666666667,0.002213001251220703,False,2026-05-02T12:47:27
100,99,10,1,Greedy_oracle,0,300,228.0,0.76,0.004064083099365234,False,2026-05-02T12:47:27
100,99,10,1,Greedy_oracle,1,300,228.0,0.76,0.004048824310302734,False,2026-05-02T12:47:27
100,99,10,1,Greedy_oracle,2,300,228.0,0.76,0.003954887390136719,False,2026-05-02T12:47:27
100,99,10,1,Greedy_oracle,3,300,228.0,0.76,0.004043102264404297,False,2026-05-02T12:47:27
100,99,10,1,Greedy_oracle,4,300,228.0,0.76,0.0040378570556640625,False,2026-05-02T12:47:27
100,99,10,1,POMCP,0,300,200.0,0.6666666666666666,6.980071067810059,False,2026-05-02T12:47:34
100,99,10,1,POMCP,1,300,189.0,0.63,7.204107761383057,False,2026-05-02T12:47:41
100,99,10,1,POMCP,2,300,161.0,0.5366666666666666,6.9980363845825195,False,2026-05-02T12:47:48
100,99,10,1,POMCP,3,300,215.0,0.7166666666666667,7.110546112060547,False,2026-05-02T12:47:55
100,99,10,1,POMCP,4,300,186.0,0.62,7.303073167800903,False,2026-05-02T12:48:02
100,99,10,1,POMCP_bio_allo,0,300,124.0,0.41333333333333333,8.515836954116821,False,2026-05-02T12:48:11
100,99,10,1,POMCP_bio_allo,1,300,184.0,0.6133333333333333,9.838082790374756,False,2026-05-02T12:48:21
100,99,10,1,POMCP_bio_allo,2,300,101.0,0.33666666666666667,8.546050071716309,False,2026-05-02T12:48:29
100,99,10,1,POMCP_bio_allo,3,300,183.0,0.61,8.610803127288818,False,2026-05-02T12:48:38
100,99,10,1,POMCP_bio_allo,4,300,119.0,0.39666666666666667,8.666287183761597,False,2026-05-02T12:48:46
100,99,10,1,FSC_bio,0,300,78.0,0.26,0.005583763122558594,False,2026-05-02T12:48:46
100,99,10,1,FSC_bio,1,300,88.0,0.29333333333333333,0.005441904067993164,False,2026-05-02T12:48:46
100,99,10,1,FSC_bio,2,300,85.0,0.2833333333333333,0.005326747894287109,False,2026-05-02T12:48:46
100,99,10,1,FSC_bio,3,300,86.0,0.2866666666666667,0.005339860916137695,False,2026-05-02T12:48:46
100,99,10,1,FSC_bio,4,300,95.0,0.31666666666666665,0.005445957183837891,False,2026-05-02T12:48:46
100,99,10,1,POMCP_bio_ego,0,300,66.0,0.22,0.004709720611572266,False,2026-05-02T12:48:46
100,99,10,1,POMCP_bio_ego,1,300,51.0,0.17,0.00475764274597168,False,2026-05-02T12:48:46
100,99,10,1,POMCP_bio_ego,2,300,65.0,0.21666666666666667,0.004835844039916992,False,2026-05-02T12:48:46
100,99,10,1,POMCP_bio_ego,3,300,70.0,0.23333333333333334,0.004561901092529297,False,2026-05-02T12:48:46
100,99,10,1,POMCP_bio_ego,4,300,62.0,0.20666666666666667,0.005103111267089844,False,2026-05-02T12:48:46
100,98,10,2,Random,0,300,53.0,0.17666666666666667,0.0017499923706054688,False,2026-05-02T12:48:46
100,98,10,2,Random,1,300,55.0,0.18333333333333332,0.0016720294952392578,False,2026-05-02T12:48:46
100,98,10,2,Random,2,300,65.0,0.21666666666666667,0.001661062240600586,False,2026-05-02T12:48:46
100,98,10,2,Random,3,300,38.0,0.12666666666666668,0.0016720294952392578,False,2026-05-02T12:48:46
100,98,10,2,Random,4,300,60.0,0.2,0.0016701221466064453,False,2026-05-02T12:48:46
100,98,10,2,Random_forward,0,300,84.0,0.28,0.0021429061889648438,False,2026-05-02T12:48:46
100,98,10,2,Random_forward,1,300,87.0,0.29,0.002093076705932617,False,2026-05-02T12:48:46
100,98,10,2,Random_forward,2,300,89.0,0.2966666666666667,0.0020771026611328125,False,2026-05-02T12:48:47
100,98,10,2,Random_forward,3,300,82.0,0.2733333333333333,0.0020751953125,False,2026-05-02T12:48:47
100,98,10,2,Random_forward,4,300,81.0,0.27,0.0020971298217773438,False,2026-05-02T12:48:47
100,98,10,2,Greedy_oracle,0,300,239.0,0.7966666666666666,0.002569913864135742,False,2026-05-02T12:48:47
100,98,10,2,Greedy_oracle,1,300,239.0,0.7966666666666666,0.002526998519897461,False,2026-05-02T12:48:47
100,98,10,2,Greedy_oracle,2,300,239.0,0.7966666666666666,0.0025169849395751953,False,2026-05-02T12:48:47
100,98,10,2,Greedy_oracle,3,300,239.0,0.7966666666666666,0.002527952194213867,False,2026-05-02T12:48:47
100,98,10,2,Greedy_oracle,4,300,239.0,0.7966666666666666,0.0025238990783691406,False,2026-05-02T12:48:47
100,98,10,2,POMCP,0,300,190.0,0.6333333333333333,6.856145858764648,False,2026-05-02T12:48:53
100,98,10,2,POMCP,1,300,181.0,0.6033333333333334,6.785712957382202,False,2026-05-02T12:49:00
100,98,10,2,POMCP,2,300,180.0,0.6,6.850339889526367,False,2026-05-02T12:49:07
100,98,10,2,POMCP,3,300,185.0,0.6166666666666667,6.887840032577515,False,2026-05-02T12:49:14
100,98,10,2,POMCP,4,300,186.0,0.62,6.7590320110321045,False,2026-05-02T12:49:21
100,98,10,2,POMCP_bio_allo,0,300,180.0,0.6,7.58043098449707,False,2026-05-02T12:49:28
100,98,10,2,POMCP_bio_allo,1,300,176.0,0.5866666666666667,8.876319885253906,False,2026-05-02T12:49:37
100,98,10,2,POMCP_bio_allo,2,300,173.0,0.5766666666666667,8.303218841552734,False,2026-05-02T12:49:45
100,98,10,2,POMCP_bio_allo,3,300,174.0,0.58,8.329463958740234,False,2026-05-02T12:49:54
100,98,10,2,POMCP_bio_allo,4,300,178.0,0.5933333333333334,8.160390853881836,False,2026-05-02T12:50:02
100,98,10,2,FSC_bio,0,300,90.0,0.3,0.005621671676635742,False,2026-05-02T12:50:02
100,98,10,2,FSC_bio,1,300,87.0,0.29,0.005841970443725586,False,2026-05-02T12:50:02
100,98,10,2,FSC_bio,2,300,88.0,0.29333333333333333,0.005546092987060547,False,2026-05-02T12:50:02
100,98,10,2,FSC_bio,3,300,88.0,0.29333333333333333,0.005359172821044922,False,2026-05-02T12:50:02
100,98,10,2,FSC_bio,4,300,91.0,0.30333333333333334,0.00542902946472168,False,2026-05-02T12:50:02
100,98,10,2,POMCP_bio_ego,0,300,71.0,0.23666666666666666,0.007000923156738281,False,2026-05-02T12:50:02
100,98,10,2,POMCP_bio_ego,1,300,44.0,0.14666666666666667,2.9445457458496094,False,2026-05-02T12:50:05
100,98,10,2,POMCP_bio_ego,2,300,42.0,0.14,0.007312297821044922,False,2026-05-02T12:50:05
100,98,10,2,POMCP_bio_ego,3,300,56.0,0.18666666666666668,0.006685972213745117,False,2026-05-02T12:50:05
100,98,10,2,POMCP_bio_ego,4,300,80.0,0.26666666666666666,0.007840156555175781,False,2026-05-02T12:50:05
225,223,15,0,Random,0,675,111.0,0.16444444444444445,0.0038809776306152344,False,2026-05-02T12:50:05
225,223,15,0,Random,1,675,128.0,0.18962962962962962,0.003751039505004883,False,2026-05-02T12:50:05
225,223,15,0,Random,2,675,125.0,0.18518518518518517,0.003726959228515625,False,2026-05-02T12:50:05
225,223,15,0,Random,3,675,109.0,0.16148148148148148,0.00410914421081543,False,2026-05-02T12:50:05
225,223,15,0,Random,4,675,144.0,0.21333333333333335,0.003979206085205078,False,2026-05-02T12:50:05
225,223,15,0,Random_forward,0,675,155.0,0.22962962962962963,0.004812002182006836,False,2026-05-02T12:50:05
225,223,15,0,Random_forward,1,675,167.0,0.2474074074074074,0.004728078842163086,False,2026-05-02T12:50:05
225,223,15,0,Random_forward,2,675,182.0,0.2696296296296296,0.0047261714935302734,False,2026-05-02T12:50:05
225,223,15,0,Random_forward,3,675,199.0,0.2948148148148148,0.004749774932861328,False,2026-05-02T12:50:05
225,223,15,0,Random_forward,4,675,162.0,0.24,0.00476384162902832,False,2026-05-02T12:50:05
225,223,15,0,Greedy_oracle,0,675,509.0,0.7540740740740741,0.010949134826660156,False,2026-05-02T12:50:05
225,223,15,0,Greedy_oracle,1,675,509.0,0.7540740740740741,0.010784149169921875,False,2026-05-02T12:50:05
225,223,15,0,Greedy_oracle,2,675,509.0,0.7540740740740741,0.010841131210327148,False,2026-05-02T12:50:05
225,223,15,0,Greedy_oracle,3,675,509.0,0.7540740740740741,0.010931968688964844,False,2026-05-02T12:50:05
225,223,15,0,Greedy_oracle,4,675,509.0,0.7540740740740741,0.010904073715209961,False,2026-05-02T12:50:05
225,223,15,0,POMCP,0,675,215.0,0.31851851851851853,23.128341674804688,False,2026-05-02T12:50:28
225,223,15,0,POMCP,1,675,409.0,0.605925925925926,23.0087571144104,False,2026-05-02T12:50:51
225,223,15,0,POMCP,2,675,383.0,0.5674074074074074,22.725137948989868,False,2026-05-02T12:51:14
225,223,15,0,POMCP,3,675,402.0,0.5955555555555555,23.048418760299683,False,2026-05-02T12:51:37
225,223,15,0,POMCP,4,675,376.0,0.557037037037037,23.394868850708008,False,2026-05-02T12:52:00
225,223,15,0,POMCP_bio_allo,0,675,227.0,0.3362962962962963,22.2691490650177,False,2026-05-02T12:52:23
225,223,15,0,POMCP_bio_allo,1,675,228.0,0.3377777777777778,21.686057090759277,False,2026-05-02T12:52:44
225,223,15,0,POMCP_bio_allo,2,675,223.0,0.33037037037037037,20.186956882476807,False,2026-05-02T12:53:04
225,223,15,0,POMCP_bio_allo,3,675,240.0,0.35555555555555557,19.909590005874634,False,2026-05-02T12:53:24
225,223,15,0,POMCP_bio_allo,4,675,238.0,0.35259259259259257,21.14913296699524,False,2026-05-02T12:53:46
225,223,15,0,FSC_bio,0,675,187.0,0.277037037037037,0.012684106826782227,False,2026-05-02T12:53:46
225,223,15,0,FSC_bio,1,675,205.0,0.3037037037037037,0.012205123901367188,False,2026-05-02T12:53:46
225,223,15,0,FSC_bio,2,675,193.0,0.2859259259259259,0.012213945388793945,False,2026-05-02T12:53:46
225,223,15,0,FSC_bio,3,675,192.0,0.28444444444444444,0.012248039245605469,False,2026-05-02T12:53:46
225,223,15,0,FSC_bio,4,675,179.0,0.2651851851851852,0.01229715347290039,False,2026-05-02T12:53:46
225,223,15,0,POMCP_bio_ego,0,675,129.0,0.19111111111111112,0.01407623291015625,False,2026-05-02T12:53:46
225,223,15,0,POMCP_bio_ego,1,675,131.0,0.19407407407407407,0.01353597640991211,False,2026-05-02T12:53:46
225,223,15,0,POMCP_bio_ego,2,675,97.0,0.1437037037037037,0.013934850692749023,False,2026-05-02T12:53:46
225,223,15,0,POMCP_bio_ego,3,675,128.0,0.18962962962962962,0.013664960861206055,False,2026-05-02T12:53:46
225,223,15,0,POMCP_bio_ego,4,675,144.0,0.21333333333333335,0.014550924301147461,False,2026-05-02T12:53:46
225,222,15,1,Random,0,675,114.0,0.1688888888888889,0.003740072250366211,False,2026-05-02T12:53:46
225,222,15,1,Random,1,675,120.0,0.17777777777777778,0.003638029098510742,False,2026-05-02T12:53:46
225,222,15,1,Random,2,675,150.0,0.2222222222222222,0.003637075424194336,False,2026-05-02T12:53:46
225,222,15,1,Random,3,675,100.0,0.14814814814814814,0.0036280155181884766,False,2026-05-02T12:53:46
225,222,15,1,Random,4,675,114.0,0.1688888888888889,0.0036232471466064453,False,2026-05-02T12:53:46
225,222,15,1,Random_forward,0,675,205.0,0.3037037037037037,0.0047550201416015625,False,2026-05-02T12:53:46
225,222,15,1,Random_forward,1,675,187.0,0.277037037037037,0.004683732986450195,False,2026-05-02T12:53:46
225,222,15,1,Random_forward,2,675,151.0,0.2237037037037037,0.004572868347167969,False,2026-05-02T12:53:46
225,222,15,1,Random_forward,3,675,201.0,0.29777777777777775,0.004576921463012695,False,2026-05-02T12:53:46
225,222,15,1,Random_forward,4,675,201.0,0.29777777777777775,0.004721164703369141,False,2026-05-02T12:53:46
225,222,15,1,Greedy_oracle,0,675,531.0,0.7866666666666666,0.014957904815673828,False,2026-05-02T12:53:46
225,222,15,1,Greedy_oracle,1,675,531.0,0.7866666666666666,0.014750003814697266,False,2026-05-02T12:53:46
225,222,15,1,Greedy_oracle,2,675,531.0,0.7866666666666666,0.014230012893676758,False,2026-05-02T12:53:46
225,222,15,1,Greedy_oracle,3,675,531.0,0.7866666666666666,0.014235734939575195,False,2026-05-02T12:53:46
225,222,15,1,Greedy_oracle,4,675,531.0,0.7866666666666666,0.014189958572387695,False,2026-05-02T12:53:46
225,222,15,1,POMCP,0,675,213.0,0.31555555555555553,23.34580898284912,False,2026-05-02T12:54:09
225,222,15,1,POMCP,1,675,346.0,0.5125925925925926,22.90081787109375,False,2026-05-02T12:54:32
225,222,15,1,POMCP,2,675,419.0,0.6207407407407407,22.720332860946655,False,2026-05-02T12:54:55
225,222,15,1,POMCP,3,675,415.0,0.6148148148148148,22.991997957229614,False,2026-05-02T12:55:18
225,222,15,1,POMCP,4,675,415.0,0.6148148148148148,22.963271856307983,False,2026-05-02T12:55:41
225,222,15,1,POMCP_bio_allo,0,675,248.0,0.3674074074074074,21.462727308273315,False,2026-05-02T12:56:02
225,222,15,1,POMCP_bio_allo,1,675,223.0,0.33037037037037037,20.43382215499878,False,2026-05-02T12:56:23
225,222,15,1,POMCP_bio_allo,2,675,235.0,0.34814814814814815,22.502161026000977,False,2026-05-02T12:56:45
225,222,15,1,POMCP_bio_allo,3,675,224.0,0.33185185185185184,22.113701820373535,False,2026-05-02T12:57:07
225,222,15,1,POMCP_bio_allo,4,675,228.0,0.3377777777777778,20.16847586631775,False,2026-05-02T12:57:27
225,222,15,1,FSC_bio,0,675,200.0,0.2962962962962963,0.01234292984008789,False,2026-05-02T12:57:27
225,222,15,1,FSC_bio,1,675,187.0,0.277037037037037,0.012054920196533203,False,2026-05-02T12:57:27
225,222,15,1,FSC_bio,2,675,205.0,0.3037037037037037,0.01206207275390625,False,2026-05-02T12:57:27
225,222,15,1,FSC_bio,3,675,173.0,0.2562962962962963,0.011889219284057617,False,2026-05-02T12:57:27
225,222,15,1,FSC_bio,4,675,197.0,0.29185185185185186,0.011960268020629883,False,2026-05-02T12:57:27
225,222,15,1,POMCP_bio_ego,0,675,142.0,0.21037037037037037,0.014359235763549805,False,2026-05-02T12:57:27
225,222,15,1,POMCP_bio_ego,1,675,94.0,0.13925925925925925,0.013977766036987305,False,2026-05-02T12:57:27
225,222,15,1,POMCP_bio_ego,2,675,129.0,0.19111111111111112,0.012791156768798828,False,2026-05-02T12:57:28
225,222,15,1,POMCP_bio_ego,3,675,175.0,0.25925925925925924,0.012426137924194336,False,2026-05-02T12:57:28
225,222,15,1,POMCP_bio_ego,4,675,134.0,0.1985185185185185,0.013963937759399414,False,2026-05-02T12:57:28
225,220,15,2,Random,0,675,137.0,0.20296296296296296,0.0037560462951660156,False,2026-05-02T12:57:28
225,220,15,2,Random,1,675,124.0,0.1837037037037037,0.003688812255859375,False,2026-05-02T12:57:28
225,220,15,2,Random,2,675,120.0,0.17777777777777778,0.003612995147705078,False,2026-05-02T12:57:28
225,220,15,2,Random,3,675,85.0,0.1259259259259259,0.0035979747772216797,False,2026-05-02T12:57:28
225,220,15,2,Random,4,675,140.0,0.2074074074074074,0.003627777099609375,False,2026-05-02T12:57:28
225,220,15,2,Random_forward,0,675,167.0,0.2474074074074074,0.004640817642211914,False,2026-05-02T12:57:28
225,220,15,2,Random_forward,1,675,156.0,0.2311111111111111,0.004597187042236328,False,2026-05-02T12:57:28
225,220,15,2,Random_forward,2,675,145.0,0.21481481481481482,0.0045490264892578125,False,2026-05-02T12:57:28
225,220,15,2,Random_forward,3,675,161.0,0.23851851851851852,0.004518985748291016,False,2026-05-02T12:57:28
225,220,15,2,Random_forward,4,675,171.0,0.25333333333333335,0.0045130252838134766,False,2026-05-02T12:57:28
225,220,15,2,Greedy_oracle,0,675,520.0,0.7703703703703704,0.010596036911010742,False,2026-05-02T12:57:28
225,220,15,2,Greedy_oracle,1,675,520.0,0.7703703703703704,0.010512113571166992,False,2026-05-02T12:57:28
225,220,15,2,Greedy_oracle,2,675,520.0,0.7703703703703704,0.010429859161376953,False,2026-05-02T12:57:28
225,220,15,2,Greedy_oracle,3,675,520.0,0.7703703703703704,0.010458946228027344,False,2026-05-02T12:57:28
225,220,15,2,Greedy_oracle,4,675,520.0,0.7703703703703704,0.010452985763549805,False,2026-05-02T12:57:28
225,220,15,2,POMCP,0,675,416.0,0.6162962962962963,22.91284704208374,False,2026-05-02T12:57:51
225,220,15,2,POMCP,1,675,217.0,0.3214814814814815,22.652496099472046,False,2026-05-02T12:58:13
225,220,15,2,POMCP,2,675,429.0,0.6355555555555555,22.819146871566772,False,2026-05-02T12:58:36
225,220,15,2,POMCP,3,675,390.0,0.5777777777777777,22.890297889709473,False,2026-05-02T12:58:59
225,220,15,2,POMCP,4,675,433.0,0.6414814814814814,22.51191234588623,False,2026-05-02T12:59:21
225,220,15,2,POMCP_bio_allo,0,675,405.0,0.6,26.205157041549683,False,2026-05-02T12:59:48
225,220,15,2,POMCP_bio_allo,1,675,400.0,0.5925925925925926,24.31569814682007,False,2026-05-02T13:00:12
225,220,15,2,POMCP_bio_allo,2,675,398.0,0.5896296296296296,24.546469926834106,False,2026-05-02T13:00:36
225,220,15,2,POMCP_bio_allo,3,675,404.0,0.5985185185185186,27.259512901306152,False,2026-05-02T13:01:04
225,220,15,2,POMCP_bio_allo,4,675,398.0,0.5896296296296296,25.407190084457397,False,2026-05-02T13:01:29
225,220,15,2,FSC_bio,0,675,212.0,0.31407407407407406,0.012407064437866211,False,2026-05-02T13:01:29
225,220,15,2,FSC_bio,1,675,200.0,0.2962962962962963,0.012308120727539062,False,2026-05-02T13:01:29
225,220,15,2,FSC_bio,2,675,186.0,0.27555555555555555,0.012522220611572266,False,2026-05-02T13:01:29
225,220,15,2,FSC_bio,3,675,209.0,0.30962962962962964,0.011980056762695312,False,2026-05-02T13:01:29
225,220,15,2,FSC_bio,4,675,162.0,0.24,0.011678934097290039,False,2026-05-02T13:01:29
225,220,15,2,POMCP_bio_ego,0,675,130.0,0.1925925925925926,0.017199039459228516,False,2026-05-02T13:01:29
225,220,15,2,POMCP_bio_ego,1,675,74.0,0.10962962962962963,15.900211095809937,False,2026-05-02T13:01:45
225,220,15,2,POMCP_bio_ego,2,675,96.0,0.14222222222222222,3.7772207260131836,False,2026-05-02T13:01:49
225,220,15,2,POMCP_bio_ego,3,675,120.0,0.17777777777777778,17.983906030654907,False,2026-05-02T13:02:07
225,220,15,2,POMCP_bio_ego,4,675,123.0,0.18222222222222223,13.501796960830688,False,2026-05-02T13:02:20
400,397,20,0,Random,0,1200,266.0,0.22166666666666668,0.00660395622253418,False,2026-05-02T13:02:20
400,397,20,0,Random,1,1200,161.0,0.13416666666666666,0.006443977355957031,False,2026-05-02T13:02:20
400,397,20,0,Random,2,1200,245.0,0.20416666666666666,0.0064127445220947266,False,2026-05-02T13:02:20
400,397,20,0,Random,3,1200,160.0,0.13333333333333333,0.00639796257019043,False,2026-05-02T13:02:20
400,397,20,0,Random,4,1200,200.0,0.16666666666666666,0.006378889083862305,False,2026-05-02T13:02:20
400,397,20,0,Random_forward,0,1200,335.0,0.2791666666666667,0.008276939392089844,False,2026-05-02T13:02:20
400,397,20,0,Random_forward,1,1200,316.0,0.2633333333333333,0.008217096328735352,False,2026-05-02T13:02:20
400,397,20,0,Random_forward,2,1200,353.0,0.2941666666666667,0.008324146270751953,False,2026-05-02T13:02:20
400,397,20,0,Random_forward,3,1200,263.0,0.21916666666666668,0.008315086364746094,False,2026-05-02T13:02:20
400,397,20,0,Random_forward,4,1200,356.0,0.2966666666666667,0.008303165435791016,False,2026-05-02T13:02:20
400,397,20,0,Greedy_oracle,0,1200,921.0,0.7675,0.0305020809173584,False,2026-05-02T13:02:21
400,397,20,0,Greedy_oracle,1,1200,921.0,0.7675,0.030457019805908203,False,2026-05-02T13:02:21
400,397,20,0,Greedy_oracle,2,1200,921.0,0.7675,0.02986288070678711,False,2026-05-02T13:02:21
400,397,20,0,Greedy_oracle,3,1200,921.0,0.7675,0.029735088348388672,False,2026-05-02T13:02:21
400,397,20,0,Greedy_oracle,4,1200,921.0,0.7675,0.029619932174682617,False,2026-05-02T13:02:21
400,397,20,0,POMCP,0,1200,390.0,0.325,61.017382860183716,False,2026-05-02T13:03:22
400,397,20,0,POMCP,1,1200,393.0,0.3275,60.6017050743103,False,2026-05-02T13:04:22
400,397,20,0,POMCP,2,1200,745.0,0.6208333333333333,60.34398007392883,False,2026-05-02T13:05:23
400,397,20,0,POMCP,3,1200,393.0,0.3275,62.09071493148804,False,2026-05-02T13:06:25
400,397,20,0,POMCP,4,1200,741.0,0.6175,60.5337610244751,False,2026-05-02T13:07:25
400,397,20,0,POMCP_bio_allo,0,1200,414.0,0.345,54.07944393157959,False,2026-05-02T13:08:19
400,397,20,0,POMCP_bio_allo,1,1200,423.0,0.3525,50.16796922683716,False,2026-05-02T13:09:09
400,397,20,0,POMCP_bio_allo,2,1200,436.0,0.36333333333333334,50.250852823257446,False,2026-05-02T13:10:00
400,397,20,0,POMCP_bio_allo,3,1200,431.0,0.3591666666666667,51.79801082611084,False,2026-05-02T13:10:52
400,397,20,0,POMCP_bio_allo,4,1200,424.0,0.35333333333333333,52.41787600517273,False,2026-05-02T13:11:44
400,397,20,0,FSC_bio,0,1200,337.0,0.2808333333333333,0.02241826057434082,False,2026-05-02T13:11:44
400,397,20,0,FSC_bio,1,1200,342.0,0.285,0.022308826446533203,False,2026-05-02T13:11:44
400,397,20,0,FSC_bio,2,1200,335.0,0.2791666666666667,0.022183895111083984,False,2026-05-02T13:11:44
400,397,20,0,FSC_bio,3,1200,356.0,0.2966666666666667,0.02265191078186035,False,2026-05-02T13:11:44
400,397,20,0,FSC_bio,4,1200,343.0,0.28583333333333333,0.02660512924194336,False,2026-05-02T13:11:44
400,397,20,0,POMCP_bio_ego,0,1200,168.0,0.14,0.03165793418884277,False,2026-05-02T13:11:44
400,397,20,0,POMCP_bio_ego,1,1200,200.0,0.16666666666666666,0.03179025650024414,False,2026-05-02T13:11:44
400,397,20,0,POMCP_bio_ego,2,1200,133.0,0.11083333333333334,0.031432151794433594,False,2026-05-02T13:11:44
400,397,20,0,POMCP_bio_ego,3,1200,246.0,0.205,0.030655860900878906,False,2026-05-02T13:11:44
400,397,20,0,POMCP_bio_ego,4,1200,179.0,0.14916666666666667,0.031224966049194336,False,2026-05-02T13:11:44
400,399,20,1,Random,0,1200,273.0,0.2275,0.007580280303955078,False,2026-05-02T13:11:44
400,399,20,1,Random,1,1200,151.0,0.12583333333333332,0.0076029300689697266,False,2026-05-02T13:11:44
400,399,20,1,Random,2,1200,239.0,0.19916666666666666,0.007441997528076172,False,2026-05-02T13:11:44
400,399,20,1,Random,3,1200,175.0,0.14583333333333334,0.007703065872192383,False,2026-05-02T13:11:44
400,399,20,1,Random,4,1200,224.0,0.18666666666666668,0.007398366928100586,False,2026-05-02T13:11:44
400,399,20,1,Random_forward,0,1200,242.0,0.20166666666666666,0.008629560470581055,False,2026-05-02T13:11:44
400,399,20,1,Random_forward,1,1200,328.0,0.2733333333333333,0.009164094924926758,False,2026-05-02T13:11:44
400,399,20,1,Random_forward,2,1200,346.0,0.28833333333333333,0.008376121520996094,False,2026-05-02T13:11:44
400,399,20,1,Random_forward,3,1200,346.0,0.28833333333333333,0.00849294662475586,False,2026-05-02T13:11:44
400,399,20,1,Random_forward,4,1200,308.0,0.25666666666666665,0.008312225341796875,False,2026-05-02T13:11:44
400,399,20,1,Greedy_oracle,0,1200,937.0,0.7808333333333334,0.02126288414001465,False,2026-05-02T13:11:44
400,399,20,1,Greedy_oracle,1,1200,937.0,0.7808333333333334,0.02130603790283203,False,2026-05-02T13:11:44
400,399,20,1,Greedy_oracle,2,1200,937.0,0.7808333333333334,0.020994901657104492,False,2026-05-02T13:11:44
400,399,20,1,Greedy_oracle,3,1200,937.0,0.7808333333333334,0.020991086959838867,False,2026-05-02T13:11:44
400,399,20,1,Greedy_oracle,4,1200,937.0,0.7808333333333334,0.020753860473632812,False,2026-05-02T13:11:44
400,399,20,1,POMCP,0,1200,758.0,0.6316666666666667,61.88559317588806,False,2026-05-02T13:12:46
400,399,20,1,POMCP,1,1200,727.0,0.6058333333333333,61.698280811309814,False,2026-05-02T13:13:48
400,399,20,1,POMCP,2,1200,724.0,0.6033333333333334,61.27151799201965,False,2026-05-02T13:14:49
400,399,20,1,POMCP,3,1200,485.0,0.4041666666666667,61.5410521030426,False,2026-05-02T13:15:51
400,399,20,1,POMCP,4,1200,395.0,0.32916666666666666,60.099088191986084,False,2026-05-02T13:16:51
400,399,20,1,POMCP_bio_allo,0,1200,406.0,0.3383333333333333,51.830259799957275,False,2026-05-02T13:17:43
400,399,20,1,POMCP_bio_allo,1,1200,408.0,0.34,48.656028270721436,False,2026-05-02T13:18:31
400,399,20,1,POMCP_bio_allo,2,1200,421.0,0.35083333333333333,48.501132011413574,False,2026-05-02T13:19:20
400,399,20,1,POMCP_bio_allo,3,1200,407.0,0.33916666666666667,52.48405408859253,False,2026-05-02T13:20:12
400,399,20,1,POMCP_bio_allo,4,1200,400.0,0.3333333333333333,49.06201720237732,False,2026-05-02T13:21:01
400,399,20,1,FSC_bio,0,1200,307.0,0.25583333333333336,0.022649049758911133,False,2026-05-02T13:21:01
400,399,20,1,FSC_bio,1,1200,361.0,0.30083333333333334,0.022436141967773438,False,2026-05-02T13:21:02
400,399,20,1,FSC_bio,2,1200,273.0,0.2275,0.021793842315673828,False,2026-05-02T13:21:02
400,399,20,1,FSC_bio,3,1200,351.0,0.2925,0.022405147552490234,False,2026-05-02T13:21:02
400,399,20,1,FSC_bio,4,1200,330.0,0.275,0.022492170333862305,False,2026-05-02T13:21:02
400,399,20,1,POMCP_bio_ego,0,1200,190.0,0.15833333333333333,0.023447751998901367,False,2026-05-02T13:21:02
400,399,20,1,POMCP_bio_ego,1,1200,202.0,0.16833333333333333,0.026968002319335938,False,2026-05-02T13:21:02
400,399,20,1,POMCP_bio_ego,2,1200,190.0,0.15833333333333333,0.025975942611694336,False,2026-05-02T13:21:02
400,399,20,1,POMCP_bio_ego,3,1200,209.0,0.17416666666666666,0.02765798568725586,False,2026-05-02T13:21:02
400,399,20,1,POMCP_bio_ego,4,1200,218.0,0.18166666666666667,0.02833104133605957,False,2026-05-02T13:21:02
400,399,20,2,Random,0,1200,179.0,0.14916666666666667,0.006911039352416992,False,2026-05-02T13:21:02
400,399,20,2,Random,1,1200,197.0,0.16416666666666666,0.006623029708862305,False,2026-05-02T13:21:02
400,399,20,2,Random,2,1200,208.0,0.17333333333333334,0.006501197814941406,False,2026-05-02T13:21:02
400,399,20,2,Random,3,1200,142.0,0.11833333333333333,0.0065190792083740234,False,2026-05-02T13:21:02
400,399,20,2,Random,4,1200,204.0,0.17,0.006478786468505859,False,2026-05-02T13:21:02
400,399,20,2,Random_forward,0,1200,243.0,0.2025,0.008817911148071289,False,2026-05-02T13:21:02
400,399,20,2,Random_forward,1,1200,364.0,0.30333333333333334,0.008376121520996094,False,2026-05-02T13:21:02
400,399,20,2,Random_forward,2,1200,285.0,0.2375,0.00851893424987793,False,2026-05-02T13:21:02
400,399,20,2,Random_forward,3,1200,350.0,0.2916666666666667,0.008218050003051758,False,2026-05-02T13:21:02
400,399,20,2,Random_forward,4,1200,338.0,0.2816666666666667,0.008237123489379883,False,2026-05-02T13:21:02
400,399,20,2,Greedy_oracle,0,1200,928.0,0.7733333333333333,0.03546714782714844,False,2026-05-02T13:21:02
400,399,20,2,Greedy_oracle,1,1200,928.0,0.7733333333333333,0.035101890563964844,False,2026-05-02T13:21:02
400,399,20,2,Greedy_oracle,2,1200,928.0,0.7733333333333333,0.035058021545410156,False,2026-05-02T13:21:02
400,399,20,2,Greedy_oracle,3,1200,928.0,0.7733333333333333,0.03483986854553223,False,2026-05-02T13:21:02
400,399,20,2,Greedy_oracle,4,1200,928.0,0.7733333333333333,0.0346219539642334,False,2026-05-02T13:21:02
400,399,20,2,POMCP,0,1200,397.0,0.3308333333333333,185.19450283050537,False,2026-05-02T13:24:07
400,399,20,2,POMCP,1,1200,395.0,0.32916666666666666,210.02484393119812,False,2026-05-02T13:27:37
400,399,20,2,POMCP,2,1200,397.0,0.3308333333333333,535.8068509101868,False,2026-05-02T13:36:33
400,399,20,2,POMCP,3,1200,749.0,0.6241666666666666,221.35868191719055,False,2026-05-02T13:40:14
400,399,20,2,POMCP,4,1200,396.0,0.33,223.61155605316162,False,2026-05-02T13:43:58
400,399,20,2,POMCP_bio_allo,0,1200,708.0,0.59,806.2821481227875,False,2026-05-02T13:57:24
400,399,20,2,POMCP_bio_allo,1,1200,702.0,0.585,5104.6639947891235,False,2026-05-02T15:22:29
400,399,20,2,FSC_bio,0,1200,327.0,0.2725,0.020449161529541016,False,2026-05-02T15:22:29
400,399,20,2,FSC_bio,1,1200,352.0,0.29333333333333333,0.02030205726623535,False,2026-05-02T15:22:29
400,399,20,2,FSC_bio,2,1200,340.0,0.2833333333333333,0.02008819580078125,False,2026-05-02T15:22:29
400,399,20,2,FSC_bio,3,1200,370.0,0.30833333333333335,0.020165205001831055,False,2026-05-02T15:22:29
400,399,20,2,FSC_bio,4,1200,367.0,0.30583333333333335,0.02023792266845703,False,2026-05-02T15:22:29
400,399,20,2,POMCP_bio_ego,0,1200,173.0,0.14416666666666667,1091.6118941307068,False,2026-05-02T15:40:41
400,399,20,2,POMCP_bio_ego,1,1200,165.0,0.1375,56.62513089179993,False,2026-05-02T15:41:37
400,399,20,2,POMCP_bio_ego,2,1200,211.0,0.17583333333333334,23.60279893875122,False,2026-05-02T15:42:01
400,399,20,2,POMCP_bio_ego,3,1200,107.0,0.08916666666666667,69.68560791015625,False,2026-05-02T15:43:11
400,399,20,2,POMCP_bio_ego,4,1200,122.0,0.10166666666666667,35.92006492614746,False,2026-05-02T15:43:46
900,897,30,0,Random,0,2700,524.0,0.19407407407407407,0.015769243240356445,False,2026-05-02T15:43:46
900,897,30,0,Random,1,2700,439.0,0.1625925925925926,0.015614986419677734,False,2026-05-02T15:43:47
900,897,30,0,Random,2,2700,465.0,0.17222222222222222,0.015486955642700195,False,2026-05-02T15:43:47
900,897,30,0,Random,3,2700,545.0,0.20185185185185187,0.015361785888671875,False,2026-05-02T15:43:47
900,897,30,0,Random,4,2700,373.0,0.13814814814814816,0.015219926834106445,False,2026-05-02T15:43:47
900,897,30,0,Random_forward,0,2700,746.0,0.2762962962962963,0.019596099853515625,False,2026-05-02T15:43:47
900,897,30,0,Random_forward,1,2700,736.0,0.2725925925925926,0.01953887939453125,False,2026-05-02T15:43:47
900,897,30,0,Random_forward,2,2700,765.0,0.2833333333333333,0.01947307586669922,False,2026-05-02T15:43:47
900,897,30,0,Random_forward,3,2700,718.0,0.2659259259259259,0.01941370964050293,False,2026-05-02T15:43:47
900,897,30,0,Random_forward,4,2700,726.0,0.2688888888888889,0.019035816192626953,False,2026-05-02T15:43:47
900,897,30,0,Greedy_oracle,0,2700,2108.0,0.7807407407407407,0.07659029960632324,False,2026-05-02T15:43:47
900,897,30,0,Greedy_oracle,1,2700,2108.0,0.7807407407407407,0.07767295837402344,False,2026-05-02T15:43:47
900,897,30,0,Greedy_oracle,2,2700,2108.0,0.7807407407407407,0.07540607452392578,False,2026-05-02T15:43:47
900,897,30,0,Greedy_oracle,3,2700,2108.0,0.7807407407407407,0.07686471939086914,False,2026-05-02T15:43:47
900,897,30,0,Greedy_oracle,4,2700,2108.0,0.7807407407407407,0.0757598876953125,False,2026-05-02T15:43:47
900,897,30,0,POMCP,0,2700,872.0,0.32296296296296295,257.82734775543213,False,2026-05-02T15:48:05
900,897,30,0,POMCP,1,2700,890.0,0.3296296296296296,258.8912889957428,False,2026-05-02T15:52:24
900,897,30,0,POMCP,2,2700,876.0,0.3244444444444444,258.1396572589874,False,2026-05-02T15:56:42
900,897,30,0,POMCP,3,2700,888.0,0.3288888888888889,258.2106502056122,False,2026-05-02T16:01:00
900,897,30,0,POMCP,4,2700,1633.0,0.6048148148148148,248.73897910118103,False,2026-05-02T16:05:09
900,897,30,0,POMCP_bio_allo,0,2700,907.0,0.3359259259259259,204.67004013061523,False,2026-05-02T16:08:34
900,897,30,0,POMCP_bio_allo,1,2700,908.0,0.3362962962962963,201.22350597381592,False,2026-05-02T16:11:55
900,897,30,0,POMCP_bio_allo,2,2700,903.0,0.33444444444444443,186.68914413452148,False,2026-05-02T16:15:01
900,897,30,0,POMCP_bio_allo,3,2700,897.0,0.3322222222222222,193.10306906700134,False,2026-05-02T16:18:15
900,897,30,0,POMCP_bio_allo,4,2700,943.0,0.34925925925925927,202.0201380252838,False,2026-05-02T16:21:37
900,897,30,0,FSC_bio,0,2700,794.0,0.2940740740740741,0.05446910858154297,False,2026-05-02T16:21:37
900,897,30,0,FSC_bio,1,2700,779.0,0.2885185185185185,0.0534210205078125,False,2026-05-02T16:21:37
900,897,30,0,FSC_bio,2,2700,755.0,0.2796296296296296,0.053887128829956055,False,2026-05-02T16:21:37
900,897,30,0,FSC_bio,3,2700,763.0,0.2825925925925926,0.0554041862487793,False,2026-05-02T16:21:37
900,897,30,0,FSC_bio,4,2700,727.0,0.26925925925925925,0.054960012435913086,False,2026-05-02T16:21:37
900,897,30,0,POMCP_bio_ego,0,2700,502.0,0.18592592592592594,0.05762672424316406,False,2026-05-02T16:21:37
900,897,30,0,POMCP_bio_ego,1,2700,520.0,0.1925925925925926,0.06133294105529785,False,2026-05-02T16:21:37
900,897,30,0,POMCP_bio_ego,2,2700,444.0,0.16444444444444445,0.06179094314575195,False,2026-05-02T16:21:37
900,897,30,0,POMCP_bio_ego,3,2700,580.0,0.21481481481481482,0.05881690979003906,False,2026-05-02T16:21:37
900,897,30,0,POMCP_bio_ego,4,2700,512.0,0.18962962962962962,0.06001687049865723,False,2026-05-02T16:21:37
900,899,30,1,Random,0,2700,366.0,0.13555555555555557,0.015331029891967773,False,2026-05-02T16:21:37
900,899,30,1,Random,1,2700,518.0,0.19185185185185186,0.015196800231933594,False,2026-05-02T16:21:37
900,899,30,1,Random,2,2700,538.0,0.19925925925925925,0.015249013900756836,False,2026-05-02T16:21:37
900,899,30,1,Random,3,2700,573.0,0.21222222222222223,0.015297889709472656,False,2026-05-02T16:21:37
900,899,30,1,Random,4,2700,595.0,0.22037037037037038,0.01509714126586914,False,2026-05-02T16:21:37
900,899,30,1,Random_forward,0,2700,648.0,0.24,0.01888895034790039,False,2026-05-02T16:21:37
900,899,30,1,Random_forward,1,2700,586.0,0.21703703703703703,0.018787145614624023,False,2026-05-02T16:21:37
900,899,30,1,Random_forward,2,2700,654.0,0.24222222222222223,0.018764972686767578,False,2026-05-02T16:21:37
900,899,30,1,Random_forward,3,2700,684.0,0.25333333333333335,0.01866292953491211,False,2026-05-02T16:21:37
900,899,30,1,Random_forward,4,2700,723.0,0.2677777777777778,0.01865100860595703,False,2026-05-02T16:21:37
900,899,30,1,Greedy_oracle,0,2700,2103.0,0.7788888888888889,0.0651547908782959,False,2026-05-02T16:21:37
900,899,30,1,Greedy_oracle,1,2700,2103.0,0.7788888888888889,0.06505799293518066,False,2026-05-02T16:21:37
900,899,30,1,Greedy_oracle,2,2700,2103.0,0.7788888888888889,0.06541609764099121,False,2026-05-02T16:21:38
900,899,30,1,Greedy_oracle,3,2700,2103.0,0.7788888888888889,0.06482911109924316,False,2026-05-02T16:21:38
900,899,30,1,Greedy_oracle,4,2700,2103.0,0.7788888888888889,0.06458187103271484,False,2026-05-02T16:21:38
900,899,30,1,POMCP,0,2700,896.0,0.33185185185185184,259.57976818084717,False,2026-05-02T16:25:57
900,899,30,1,POMCP,1,2700,874.0,0.3237037037037037,258.24294996261597,False,2026-05-02T16:30:15
900,899,30,1,POMCP,2,2700,887.0,0.32851851851851854,258.6898338794708,False,2026-05-02T16:34:34
900,899,30,1,POMCP,3,2700,893.0,0.3307407407407407,258.68476605415344,False,2026-05-02T16:38:53
900,899,30,1,POMCP,4,2700,891.0,0.33,263.28316593170166,False,2026-05-02T16:43:16
900,899,30,1,POMCP_bio_allo,0,2700,903.0,0.33444444444444443,197.0279459953308,False,2026-05-02T16:46:33
900,899,30,1,POMCP_bio_allo,1,2700,939.0,0.3477777777777778,197.0230369567871,False,2026-05-02T16:49:50
900,899,30,1,POMCP_bio_allo,2,2700,905.0,0.3351851851851852,206.33599400520325,False,2026-05-02T16:53:17
900,899,30,1,POMCP_bio_allo,3,2700,953.0,0.352962962962963,193.13556480407715,False,2026-05-02T16:56:30
900,899,30,1,POMCP_bio_allo,4,2700,1550.0,0.5740740740740741,246.3039629459381,False,2026-05-02T17:00:36
900,899,30,1,FSC_bio,0,2700,752.0,0.2785185185185185,0.05150794982910156,False,2026-05-02T17:00:36
900,899,30,1,FSC_bio,1,2700,736.0,0.2725925925925926,0.05054807662963867,False,2026-05-02T17:00:36
900,899,30,1,FSC_bio,2,2700,811.0,0.30037037037037034,0.051422834396362305,False,2026-05-02T17:00:36
900,899,30,1,FSC_bio,3,2700,723.0,0.2677777777777778,0.05044126510620117,False,2026-05-02T17:00:36
900,899,30,1,FSC_bio,4,2700,661.0,0.24481481481481482,0.049680233001708984,False,2026-05-02T17:00:36
900,899,30,1,POMCP_bio_ego,0,2700,447.0,0.16555555555555557,0.06050300598144531,False,2026-05-02T17:00:36
900,899,30,1,POMCP_bio_ego,1,2700,551.0,0.20407407407407407,0.061341047286987305,False,2026-05-02T17:00:36
900,899,30,1,POMCP_bio_ego,2,2700,449.0,0.1662962962962963,0.06085014343261719,False,2026-05-02T17:00:36
900,899,30,1,POMCP_bio_ego,3,2700,504.0,0.18666666666666668,0.0583491325378418,False,2026-05-02T17:00:36
900,899,30,1,POMCP_bio_ego,4,2700,442.0,0.1637037037037037,0.06237220764160156,False,2026-05-02T17:00:37
900,896,30,2,Random,0,2700,555.0,0.20555555555555555,0.015482902526855469,False,2026-05-02T17:00:37
900,896,30,2,Random,1,2700,520.0,0.1925925925925926,0.015232086181640625,False,2026-05-02T17:00:37
900,896,30,2,Random,2,2700,545.0,0.20185185185185187,0.015398263931274414,False,2026-05-02T17:00:37
900,896,30,2,Random,3,2700,448.0,0.16592592592592592,0.015166997909545898,False,2026-05-02T17:00:37
900,896,30,2,Random,4,2700,430.0,0.15925925925925927,0.015529870986938477,False,2026-05-02T17:00:37
900,896,30,2,Random_forward,0,2700,755.0,0.2796296296296296,0.01918792724609375,False,2026-05-02T17:00:37
900,896,30,2,Random_forward,1,2700,624.0,0.2311111111111111,0.01878190040588379,False,2026-05-02T17:00:37
900,896,30,2,Random_forward,2,2700,710.0,0.26296296296296295,0.01870107650756836,False,2026-05-02T17:00:37
900,896,30,2,Random_forward,3,2700,771.0,0.28555555555555556,0.018941879272460938,False,2026-05-02T17:00:37
900,896,30,2,Random_forward,4,2700,666.0,0.24666666666666667,0.018872976303100586,False,2026-05-02T17:00:37
900,896,30,2,Greedy_oracle,0,2700,2139.0,0.7922222222222223,0.06984901428222656,False,2026-05-02T17:00:37
900,896,30,2,Greedy_oracle,1,2700,2139.0,0.7922222222222223,0.06975197792053223,False,2026-05-02T17:00:37
900,896,30,2,Greedy_oracle,2,2700,2139.0,0.7922222222222223,0.06935000419616699,False,2026-05-02T17:00:37
900,896,30,2,Greedy_oracle,3,2700,2139.0,0.7922222222222223,0.06904911994934082,False,2026-05-02T17:00:37
900,896,30,2,Greedy_oracle,4,2700,2139.0,0.7922222222222223,0.06930422782897949,False,2026-05-02T17:00:37
900,896,30,2,POMCP,0,2700,883.0,0.327037037037037,257.7619240283966,False,2026-05-02T17:04:55
900,896,30,2,POMCP,1,2700,894.0,0.33111111111111113,258.0316252708435,False,2026-05-02T17:09:13
900,896,30,2,POMCP,2,2700,876.0,0.3244444444444444,258.00400710105896,False,2026-05-02T17:13:31
900,896,30,2,POMCP,3,2700,1560.0,0.5777777777777777,249.13655591011047,False,2026-05-02T17:17:40
900,896,30,2,POMCP,4,2700,1682.0,0.6229629629629629,249.370707988739,False,2026-05-02T17:21:49
900,896,30,2,POMCP_bio_allo,0,2700,1581.0,0.5855555555555556,258.1954140663147,False,2026-05-02T17:26:08
900,896,30,2,POMCP_bio_allo,1,2700,1565.0,0.5796296296296296,255.0405991077423,False,2026-05-02T17:30:23
900,896,30,2,POMCP_bio_allo,2,2700,1565.0,0.5796296296296296,259.2619218826294,False,2026-05-02T17:34:42
900,896,30,2,POMCP_bio_allo,3,2700,1581.0,0.5855555555555556,259.69503927230835,False,2026-05-02T17:39:02
900,896,30,2,POMCP_bio_allo,4,2700,1527.0,0.5655555555555556,252.67818307876587,False,2026-05-02T17:43:14
900,896,30,2,FSC_bio,0,2700,713.0,0.26407407407407407,0.0510258674621582,False,2026-05-02T17:43:14
900,896,30,2,FSC_bio,1,2700,753.0,0.2788888888888889,0.05086374282836914,False,2026-05-02T17:43:14
900,896,30,2,FSC_bio,2,2700,760.0,0.2814814814814815,0.051362037658691406,False,2026-05-02T17:43:14
900,896,30,2,FSC_bio,3,2700,756.0,0.28,0.05108904838562012,False,2026-05-02T17:43:14
900,896,30,2,FSC_bio,4,2700,727.0,0.26925925925925925,0.05079984664916992,False,2026-05-02T17:43:15
900,896,30,2,POMCP_bio_ego,0,2700,142.0,0.052592592592592594,112.18049907684326,False,2026-05-02T17:45:07
900,896,30,2,POMCP_bio_ego,1,2700,179.0,0.0662962962962963,94.29263806343079,False,2026-05-02T17:46:41
900,896,30,2,POMCP_bio_ego,2,2700,146.0,0.05407407407407407,121.70164608955383,False,2026-05-02T17:48:43
900,896,30,2,POMCP_bio_ego,3,2700,42.0,0.015555555555555555,136.05932211875916,False,2026-05-02T17:50:59
900,896,30,2,POMCP_bio_ego,4,2700,206.0,0.07629629629629629,115.06739521026611,False,2026-05-02T17:52:54
1500,1518,39,0,Random,0,4500,651.0,0.14466666666666667,0.02878713607788086,False,2026-05-02T17:52:54
1500,1518,39,0,Random,1,4500,852.0,0.18933333333333333,0.027902841567993164,False,2026-05-02T17:52:54
1500,1518,39,0,Random,2,4500,686.0,0.15244444444444444,0.027393102645874023,False,2026-05-02T17:52:54
1500,1518,39,0,Random,3,4500,834.0,0.18533333333333332,0.027270793914794922,False,2026-05-02T17:52:54
1500,1518,39,0,Random,4,4500,653.0,0.1451111111111111,0.026793956756591797,False,2026-05-02T17:52:54
1500,1518,39,0,Random_forward,0,4500,1210.0,0.2688888888888889,0.03386116027832031,False,2026-05-02T17:52:54
1500,1518,39,0,Random_forward,1,4500,1077.0,0.23933333333333334,0.033399105072021484,False,2026-05-02T17:52:54
1500,1518,39,0,Random_forward,2,4500,1059.0,0.23533333333333334,0.033347129821777344,False,2026-05-02T17:52:54
1500,1518,39,0,Random_forward,3,4500,1110.0,0.24666666666666667,0.03298783302307129,False,2026-05-02T17:52:54
1500,1518,39,0,Random_forward,4,4500,1245.0,0.27666666666666667,0.03334307670593262,False,2026-05-02T17:52:54
1500,1518,39,0,Greedy_oracle,0,4500,3516.0,0.7813333333333333,0.19554877281188965,False,2026-05-02T17:52:54
1500,1518,39,0,Greedy_oracle,1,4500,3516.0,0.7813333333333333,0.19412803649902344,False,2026-05-02T17:52:55
1500,1518,39,0,Greedy_oracle,2,4500,3516.0,0.7813333333333333,0.19365286827087402,False,2026-05-02T17:52:55
1500,1518,39,0,Greedy_oracle,3,4500,3516.0,0.7813333333333333,0.1951911449432373,False,2026-05-02T17:52:55
1500,1518,39,0,Greedy_oracle,4,4500,3516.0,0.7813333333333333,0.1923048496246338,False,2026-05-02T17:52:55
1500,1518,39,0,POMCP,0,4500,1432.0,0.31822222222222224,681.4716510772705,False,2026-05-02T18:04:17
1500,1518,39,0,POMCP,1,4500,1398.0,0.31066666666666665,680.7247149944305,False,2026-05-02T18:15:37
1500,1518,39,0,POMCP,2,4500,,,,True,2026-05-02T18:22:54
1500,1518,39,0,POMCP_bio_allo,0,4500,1520.0,0.3377777777777778,515.3775610923767,False,2026-05-02T18:31:30
1500,1518,39,0,POMCP_bio_allo,1,4500,1597.0,0.35488888888888886,519.17622423172,False,2026-05-02T18:40:09
1500,1518,39,0,POMCP_bio_allo,2,4500,1580.0,0.3511111111111111,513.3147342205048,False,2026-05-02T18:48:42
1500,1518,39,0,POMCP_bio_allo,3,4500,,,,True,2026-05-02T18:52:54
1500,1518,39,0,FSC_bio,0,4500,1285.0,0.28555555555555556,0.09022212028503418,False,2026-05-02T18:52:54
1500,1518,39,0,FSC_bio,1,4500,1241.0,0.2757777777777778,0.08917498588562012,False,2026-05-02T18:52:54
1500,1518,39,0,FSC_bio,2,4500,1323.0,0.294,0.09028196334838867,False,2026-05-02T18:52:54
1500,1518,39,0,FSC_bio,3,4500,1198.0,0.26622222222222225,0.08796310424804688,False,2026-05-02T18:52:55
1500,1518,39,0,FSC_bio,4,4500,1263.0,0.2806666666666667,0.08863115310668945,False,2026-05-02T18:52:55
1500,1518,39,0,POMCP_bio_ego,0,4500,725.0,0.16111111111111112,0.10481119155883789,False,2026-05-02T18:52:55
1500,1518,39,0,POMCP_bio_ego,1,4500,554.0,0.12311111111111112,0.10190224647521973,False,2026-05-02T18:52:55
1500,1518,39,0,POMCP_bio_ego,2,4500,709.0,0.15755555555555556,0.10101819038391113,False,2026-05-02T18:52:55
1500,1518,39,0,POMCP_bio_ego,3,4500,648.0,0.144,0.10599303245544434,False,2026-05-02T18:52:55
1500,1518,39,0,POMCP_bio_ego,4,4500,775.0,0.17222222222222222,0.10558795928955078,False,2026-05-02T18:52:55
1500,1514,39,1,Random,0,4500,886.0,0.1968888888888889,0.028444766998291016,False,2026-05-02T18:52:55
1500,1514,39,1,Random,1,4500,639.0,0.142,0.0265047550201416,False,2026-05-02T18:52:55
1500,1514,39,1,Random,2,4500,860.0,0.19111111111111112,0.0265200138092041,False,2026-05-02T18:52:55
1500,1514,39,1,Random,3,4500,605.0,0.13444444444444445,0.02604198455810547,False,2026-05-02T18:52:55
1500,1514,39,1,Random,4,4500,885.0,0.19666666666666666,0.026585817337036133,False,2026-05-02T18:52:55
1500,1514,39,1,Random_forward,0,4500,1187.0,0.2637777777777778,0.03314614295959473,False,2026-05-02T18:52:55
1500,1514,39,1,Random_forward,1,4500,1259.0,0.2797777777777778,0.0326080322265625,False,2026-05-02T18:52:55
1500,1514,39,1,Random_forward,2,4500,1050.0,0.23333333333333334,0.03228330612182617,False,2026-05-02T18:52:55
1500,1514,39,1,Random_forward,3,4500,1103.0,0.2451111111111111,0.032531023025512695,False,2026-05-02T18:52:55
1500,1514,39,1,Random_forward,4,4500,1160.0,0.2577777777777778,0.0324559211730957,False,2026-05-02T18:52:56
1500,1514,39,1,Greedy_oracle,0,4500,3520.0,0.7822222222222223,0.24267315864562988,False,2026-05-02T18:52:56
1500,1514,39,1,Greedy_oracle,1,4500,3520.0,0.7822222222222223,0.24063324928283691,False,2026-05-02T18:52:56
1500,1514,39,1,Greedy_oracle,2,4500,3520.0,0.7822222222222223,0.24575114250183105,False,2026-05-02T18:52:56
1500,1514,39,1,Greedy_oracle,3,4500,3520.0,0.7822222222222223,0.24905705451965332,False,2026-05-02T18:52:56
1500,1514,39,1,Greedy_oracle,4,4500,3520.0,0.7822222222222223,0.24787473678588867,False,2026-05-02T18:52:57
1500,1514,39,1,POMCP,0,4500,1495.0,0.3322222222222222,684.0590751171112,False,2026-05-02T19:04:21
1500,1514,39,1,POMCP,1,4500,1428.0,0.31733333333333336,681.8104660511017,False,2026-05-02T19:15:43
1500,1514,39,1,POMCP,2,4500,,,,True,2026-05-02T19:22:57
1500,1514,39,1,POMCP_bio_allo,0,4500,2571.0,0.5713333333333334,608.6468849182129,False,2026-05-02T19:33:05
1500,1514,39,1,POMCP_bio_allo,1,4500,1514.0,0.33644444444444443,519.4046840667725,False,2026-05-02T19:41:45
1500,1514,39,1,POMCP_bio_allo,2,4500,1563.0,0.3473333333333333,506.7268500328064,False,2026-05-02T19:50:11
1500,1514,39,1,POMCP_bio_allo,3,4500,,,,True,2026-05-02T19:52:56
1500,1514,39,1,FSC_bio,0,4500,1081.0,0.24022222222222223,0.08687806129455566,False,2026-05-02T19:52:57
1500,1514,39,1,FSC_bio,1,4500,1217.0,0.27044444444444443,0.08869504928588867,False,2026-05-02T19:52:57
1500,1514,39,1,FSC_bio,2,4500,1310.0,0.2911111111111111,0.08927631378173828,False,2026-05-02T19:52:57
1500,1514,39,1,FSC_bio,3,4500,1224.0,0.272,0.08799910545349121,False,2026-05-02T19:52:57
1500,1514,39,1,FSC_bio,4,4500,1264.0,0.2808888888888889,0.08819699287414551,False,2026-05-02T19:52:57
1500,1514,39,1,POMCP_bio_ego,0,4500,586.0,0.1302222222222222,0.10721206665039062,False,2026-05-02T19:52:57
1500,1514,39,1,POMCP_bio_ego,1,4500,731.0,0.16244444444444445,0.10067296028137207,False,2026-05-02T19:52:57
1500,1514,39,1,POMCP_bio_ego,2,4500,828.0,0.184,0.1098642349243164,False,2026-05-02T19:52:57
1500,1514,39,1,POMCP_bio_ego,3,4500,561.0,0.12466666666666666,0.10046195983886719,False,2026-05-02T19:52:57
1500,1514,39,1,POMCP_bio_ego,4,4500,905.0,0.2011111111111111,0.105316162109375,False,2026-05-02T19:52:57
1500,1517,39,2,Random,0,4500,850.0,0.18888888888888888,0.0302889347076416,False,2026-05-02T19:52:57
1500,1517,39,2,Random,1,4500,872.0,0.19377777777777777,0.029736757278442383,False,2026-05-02T19:52:57
1500,1517,39,2,Random,2,4500,925.0,0.20555555555555555,0.029160022735595703,False,2026-05-02T19:52:58
1500,1517,39,2,Random,3,4500,743.0,0.1651111111111111,0.028881072998046875,False,2026-05-02T19:52:58
1500,1517,39,2,Random,4,4500,649.0,0.14422222222222222,0.028676271438598633,False,2026-05-02T19:52:58
1500,1517,39,2,Random_forward,0,4500,1106.0,0.2457777777777778,0.036630868911743164,False,2026-05-02T19:52:58
1500,1517,39,2,Random_forward,1,4500,1041.0,0.23133333333333334,0.03601193428039551,False,2026-05-02T19:52:58
1500,1517,39,2,Random_forward,2,4500,1104.0,0.24533333333333332,0.03523993492126465,False,2026-05-02T19:52:58
1500,1517,39,2,Random_forward,3,4500,937.0,0.20822222222222223,0.034497976303100586,False,2026-05-02T19:52:58
1500,1517,39,2,Random_forward,4,4500,1118.0,0.24844444444444444,0.03483176231384277,False,2026-05-02T19:52:58
1500,1517,39,2,Greedy_oracle,0,4500,3479.0,0.7731111111111111,0.18086910247802734,False,2026-05-02T19:52:58
1500,1517,39,2,Greedy_oracle,1,4500,3479.0,0.7731111111111111,0.17806601524353027,False,2026-05-02T19:52:58
1500,1517,39,2,Greedy_oracle,2,4500,3479.0,0.7731111111111111,0.17758893966674805,False,2026-05-02T19:52:58
1500,1517,39,2,Greedy_oracle,3,4500,3479.0,0.7731111111111111,0.17717790603637695,False,2026-05-02T19:52:58
1500,1517,39,2,Greedy_oracle,4,4500,3479.0,0.7731111111111111,0.17683982849121094,False,2026-05-02T19:52:59
1500,1517,39,2,POMCP,0,4500,1440.0,0.32,681.6832220554352,False,2026-05-02T20:04:20
1500,1517,39,2,POMCP,1,4500,1504.0,0.3342222222222222,680.8125250339508,False,2026-05-02T20:15:41
1500,1517,39,2,POMCP,2,4500,,,,True,2026-05-02T20:22:58
1500,1517,39,2,POMCP_bio_allo,0,4500,2560.0,0.5688888888888889,606.4009718894958,False,2026-05-02T20:33:05
1500,1517,39,2,POMCP_bio_allo,1,4500,2590.0,0.5755555555555556,648.4174499511719,False,2026-05-02T20:43:53
1500,1517,39,2,POMCP_bio_allo,2,4500,,,,True,2026-05-02T20:52:58
1500,1517,39,2,FSC_bio,0,4500,1292.0,0.2871111111111111,0.08942890167236328,False,2026-05-02T20:52:58
1500,1517,39,2,FSC_bio,1,4500,1238.0,0.2751111111111111,0.08814620971679688,False,2026-05-02T20:52:58
1500,1517,39,2,FSC_bio,2,4500,1366.0,0.3035555555555556,0.08917808532714844,False,2026-05-02T20:52:58
1500,1517,39,2,FSC_bio,3,4500,1272.0,0.2826666666666667,0.0886073112487793,False,2026-05-02T20:52:58
1500,1517,39,2,FSC_bio,4,4500,1275.0,0.2833333333333333,0.08822011947631836,False,2026-05-02T20:52:58
1500,1517,39,2,POMCP_bio_ego,0,4500,120.0,0.02666666666666667,226.0827009677887,False,2026-05-02T20:56:45
1500,1517,39,2,POMCP_bio_ego,1,4500,55.0,0.012222222222222223,227.5489330291748,False,2026-05-02T21:00:32
1500,1517,39,2,POMCP_bio_ego,2,4500,78.0,0.017333333333333333,236.72801184654236,False,2026-05-02T21:04:29
1500,1517,39,2,POMCP_bio_ego,3,4500,112.0,0.024888888888888887,229.99128603935242,False,2026-05-02T21:08:19
1500,1517,39,2,POMCP_bio_ego,4,4500,140.0,0.03111111111111111,217.77691197395325,False,2026-05-02T21:11:57
2500,2491,50,0,Random,0,7500,887.0,0.11826666666666667,0.0500333309173584,False,2026-05-02T21:11:57
2500,2491,50,0,Random,1,7500,1142.0,0.15226666666666666,0.04930830001831055,False,2026-05-02T21:11:57
2500,2491,50,0,Random,2,7500,1113.0,0.1484,0.0490570068359375,False,2026-05-02T21:11:57
2500,2491,50,0,Random,3,7500,1176.0,0.1568,0.047411203384399414,False,2026-05-02T21:11:57
2500,2491,50,0,Random,4,7500,1365.0,0.182,0.047258853912353516,False,2026-05-02T21:11:57
2500,2491,50,0,Random_forward,0,7500,1918.0,0.2557333333333333,0.05854010581970215,False,2026-05-02T21:11:57
2500,2491,50,0,Random_forward,1,7500,1948.0,0.2597333333333333,0.05793309211730957,False,2026-05-02T21:11:57
2500,2491,50,0,Random_forward,2,7500,1844.0,0.24586666666666668,0.05834507942199707,False,2026-05-02T21:11:57
2500,2491,50,0,Random_forward,3,7500,2023.0,0.2697333333333333,0.05842900276184082,False,2026-05-02T21:11:57
2500,2491,50,0,Random_forward,4,7500,1995.0,0.266,0.05764889717102051,False,2026-05-02T21:11:57
2500,2491,50,0,Greedy_oracle,0,7500,5800.0,0.7733333333333333,0.5296399593353271,False,2026-05-02T21:11:58
2500,2491,50,0,Greedy_oracle,1,7500,5800.0,0.7733333333333333,0.5261518955230713,False,2026-05-02T21:11:58
2500,2491,50,0,Greedy_oracle,2,7500,5800.0,0.7733333333333333,0.5251319408416748,False,2026-05-02T21:11:59
2500,2491,50,0,Greedy_oracle,3,7500,5800.0,0.7733333333333333,0.5212869644165039,False,2026-05-02T21:11:59
2500,2491,50,0,Greedy_oracle,4,7500,5800.0,0.7733333333333333,0.5324239730834961,False,2026-05-02T21:12:00
2500,2491,50,0,POMCP,0,7500,,,,True,2026-05-02T21:41:59
2500,2491,50,0,POMCP_bio_allo,0,7500,2601.0,0.3468,2516.577855825424,False,2026-05-02T22:23:55
2500,2491,50,0,FSC_bio,0,7500,2012.0,0.26826666666666665,0.1626119613647461,False,2026-05-02T22:23:56
2500,2491,50,0,FSC_bio,1,7500,1671.0,0.2228,0.15000295639038086,False,2026-05-02T22:23:56
2500,2491,50,0,FSC_bio,2,7500,2145.0,0.286,0.1564652919769287,False,2026-05-02T22:23:56
2500,2491,50,0,FSC_bio,3,7500,1899.0,0.2532,0.15298008918762207,False,2026-05-02T22:23:56
2500,2491,50,0,FSC_bio,4,7500,1796.0,0.23946666666666666,0.15106725692749023,False,2026-05-02T22:23:56
2500,2491,50,0,POMCP_bio_ego,0,7500,1344.0,0.1792,0.18763303756713867,False,2026-05-02T22:23:56
2500,2491,50,0,POMCP_bio_ego,1,7500,1236.0,0.1648,0.1743919849395752,False,2026-05-02T22:23:57
2500,2491,50,0,POMCP_bio_ego,2,7500,1431.0,0.1908,0.17793893814086914,False,2026-05-02T22:23:57
2500,2491,50,0,POMCP_bio_ego,3,7500,1309.0,0.17453333333333335,0.1796097755432129,False,2026-05-02T22:23:57
2500,2491,50,0,POMCP_bio_ego,4,7500,1418.0,0.18906666666666666,0.17648601531982422,False,2026-05-02T22:23:57
2500,2493,50,1,Random,0,7500,1017.0,0.1356,0.05005502700805664,False,2026-05-02T22:23:57
2500,2493,50,1,Random,1,7500,1381.0,0.18413333333333334,0.04965829849243164,False,2026-05-02T22:23:57
2500,2493,50,1,Random,2,7500,1013.0,0.13506666666666667,0.04649496078491211,False,2026-05-02T22:23:57
2500,2493,50,1,Random,3,7500,985.0,0.13133333333333333,0.045713186264038086,False,2026-05-02T22:23:57
2500,2493,50,1,Random,4,7500,1336.0,0.17813333333333334,0.04665207862854004,False,2026-05-02T22:23:57
2500,2493,50,1,Random_forward,0,7500,2080.0,0.2773333333333333,0.05800294876098633,False,2026-05-02T22:23:57
2500,2493,50,1,Random_forward,1,7500,1775.0,0.23666666666666666,0.05726003646850586,False,2026-05-02T22:23:57
2500,2493,50,1,Random_forward,2,7500,2009.0,0.26786666666666664,0.05744791030883789,False,2026-05-02T22:23:58
2500,2493,50,1,Random_forward,3,7500,2065.0,0.2753333333333333,0.05708122253417969,False,2026-05-02T22:23:58
2500,2493,50,1,Random_forward,4,7500,2017.0,0.26893333333333336,0.05681490898132324,False,2026-05-02T22:23:58
2500,2493,50,1,Greedy_oracle,0,7500,5824.0,0.7765333333333333,0.6209931373596191,False,2026-05-02T22:23:58
2500,2493,50,1,Greedy_oracle,1,7500,5824.0,0.7765333333333333,0.6201999187469482,False,2026-05-02T22:23:59
2500,2493,50,1,Greedy_oracle,2,7500,5824.0,0.7765333333333333,0.619020938873291,False,2026-05-02T22:23:59
2500,2493,50,1,Greedy_oracle,3,7500,5824.0,0.7765333333333333,0.6170251369476318,False,2026-05-02T22:24:00
2500,2493,50,1,Greedy_oracle,4,7500,5824.0,0.7765333333333333,0.6183438301086426,False,2026-05-02T22:24:01
2500,2493,50,1,POMCP,0,7500,2336.0,0.31146666666666667,1752.5755870342255,False,2026-05-02T22:53:13
2500,2493,50,1,POMCP,1,7500,,,,True,2026-05-02T22:54:00
2500,2493,50,1,POMCP_bio_allo,0,7500,2558.0,0.3410666666666667,1306.845771074295,False,2026-05-02T23:15:47
2500,2493,50,1,POMCP_bio_allo,1,7500,,,,True,2026-05-02T23:24:00
2500,2493,50,1,FSC_bio,0,7500,2106.0,0.2808,0.15824580192565918,False,2026-05-02T23:24:00
2500,2493,50,1,FSC_bio,1,7500,2200.0,0.29333333333333333,0.1581859588623047,False,2026-05-02T23:24:00
2500,2493,50,1,FSC_bio,2,7500,2137.0,0.2849333333333333,0.15723299980163574,False,2026-05-02T23:24:01
2500,2493,50,1,FSC_bio,3,7500,1667.0,0.22226666666666667,0.14986205101013184,False,2026-05-02T23:24:01
2500,2493,50,1,FSC_bio,4,7500,1891.0,0.2521333333333333,0.15271472930908203,False,2026-05-02T23:24:01
2500,2493,50,1,POMCP_bio_ego,0,7500,1455.0,0.194,0.17574191093444824,False,2026-05-02T23:24:01
2500,2493,50,1,POMCP_bio_ego,1,7500,887.0,0.11826666666666667,0.1694653034210205,False,2026-05-02T23:24:01
2500,2493,50,1,POMCP_bio_ego,2,7500,949.0,0.12653333333333333,0.17360496520996094,False,2026-05-02T23:24:01
2500,2493,50,1,POMCP_bio_ego,3,7500,1391.0,0.18546666666666667,0.18170380592346191,False,2026-05-02T23:24:02
2500,2493,50,1,POMCP_bio_ego,4,7500,1119.0,0.1492,0.17772507667541504,False,2026-05-02T23:24:02
2500,2489,50,2,Random,0,7500,1368.0,0.1824,0.04634213447570801,False,2026-05-02T23:24:02
2500,2489,50,2,Random,1,7500,1419.0,0.1892,0.04613900184631348,False,2026-05-02T23:24:02
2500,2489,50,2,Random,2,7500,1371.0,0.1828,0.04576587677001953,False,2026-05-02T23:24:02
2500,2489,50,2,Random,3,7500,1325.0,0.17666666666666667,0.04564499855041504,False,2026-05-02T23:24:02
2500,2489,50,2,Random,4,7500,1359.0,0.1812,0.04565000534057617,False,2026-05-02T23:24:02
2500,2489,50,2,Random_forward,0,7500,2032.0,0.27093333333333336,0.05737709999084473,False,2026-05-02T23:24:02
2500,2489,50,2,Random_forward,1,7500,1876.0,0.2501333333333333,0.05863809585571289,False,2026-05-02T23:24:02
2500,2489,50,2,Random_forward,2,7500,1970.0,0.26266666666666666,0.06651711463928223,False,2026-05-02T23:24:02
2500,2489,50,2,Random_forward,3,7500,1957.0,0.26093333333333335,0.05915188789367676,False,2026-05-02T23:24:02
2500,2489,50,2,Random_forward,4,7500,1885.0,0.25133333333333335,0.0598599910736084,False,2026-05-02T23:24:02
2500,2489,50,2,Greedy_oracle,0,7500,5903.0,0.7870666666666667,0.4816927909851074,False,2026-05-02T23:24:03
2500,2489,50,2,Greedy_oracle,1,7500,5903.0,0.7870666666666667,0.47717905044555664,False,2026-05-02T23:24:03
2500,2489,50,2,Greedy_oracle,2,7500,5903.0,0.7870666666666667,0.4754610061645508,False,2026-05-02T23:24:04
2500,2489,50,2,Greedy_oracle,3,7500,5903.0,0.7870666666666667,0.47344064712524414,False,2026-05-02T23:24:04
2500,2489,50,2,Greedy_oracle,4,7500,5903.0,0.7870666666666667,0.47277212142944336,False,2026-05-02T23:24:05
2500,2489,50,2,POMCP,0,7500,2467.0,0.32893333333333336,1785.0971839427948,False,2026-05-02T23:53:50
2500,2489,50,2,POMCP,1,7500,,,,True,2026-05-02T23:54:04
2500,2489,50,2,POMCP_bio_allo,0,7500,4304.0,0.5738666666666666,1690.675291776657,False,2026-05-03T00:22:15
2500,2489,50,2,POMCP_bio_allo,1,7500,,,,True,2026-05-03T00:24:04
2500,2489,50,2,FSC_bio,0,7500,2223.0,0.2964,0.16102194786071777,False,2026-05-03T00:24:04
2500,2489,50,2,FSC_bio,1,7500,2180.0,0.2906666666666667,0.15885329246520996,False,2026-05-03T00:24:04
2500,2489,50,2,FSC_bio,2,7500,1898.0,0.25306666666666666,0.1543259620666504,False,2026-05-03T00:24:04
2500,2489,50,2,FSC_bio,3,7500,1856.0,0.24746666666666667,0.15351414680480957,False,2026-05-03T00:24:04
2500,2489,50,2,FSC_bio,4,7500,2114.0,0.28186666666666665,0.15743708610534668,False,2026-05-03T00:24:04
2500,2489,50,2,POMCP_bio_ego,0,7500,147.0,0.0196,370.83878898620605,False,2026-05-03T00:30:15
2500,2489,50,2,POMCP_bio_ego,1,7500,55.0,0.007333333333333333,382.16110277175903,False,2026-05-03T00:36:37
2500,2489,50,2,POMCP_bio_ego,2,7500,99.0,0.0132,384.50291299819946,False,2026-05-03T00:43:02
2500,2489,50,2,POMCP_bio_ego,3,7500,157.0,0.020933333333333335,369.29222226142883,False,2026-05-03T00:49:11
2500,2489,50,2,POMCP_bio_ego,4,7500,,,,True,2026-05-03T00:54:04
4000,4091,64,0,Random,0,12000,1347.0,0.11225,0.0891728401184082,False,2026-05-03T00:54:04
4000,4091,64,0,Random,1,12000,1639.0,0.13658333333333333,0.08838891983032227,False,2026-05-03T00:54:04
4000,4091,64,0,Random,2,12000,1587.0,0.13225,0.08261609077453613,False,2026-05-03T00:54:05
4000,4091,64,0,Random,3,12000,1780.0,0.14833333333333334,0.08048105239868164,False,2026-05-03T00:54:05
4000,4091,64,0,Random,4,12000,2152.0,0.17933333333333334,0.08297896385192871,False,2026-05-03T00:54:05
4000,4091,64,0,Random_forward,0,12000,2375.0,0.19791666666666666,0.09973502159118652,False,2026-05-03T00:54:05
4000,4091,64,0,Random_forward,1,12000,3290.0,0.27416666666666667,0.09798812866210938,False,2026-05-03T00:54:05
4000,4091,64,0,Random_forward,2,12000,3146.0,0.26216666666666666,0.09759831428527832,False,2026-05-03T00:54:05
4000,4091,64,0,Random_forward,3,12000,2960.0,0.24666666666666667,0.09700512886047363,False,2026-05-03T00:54:05
4000,4091,64,0,Random_forward,4,12000,2906.0,0.24216666666666667,0.09599828720092773,False,2026-05-03T00:54:05
4000,4091,64,0,Greedy_oracle,0,12000,9310.0,0.7758333333333334,1.4437601566314697,False,2026-05-03T00:54:07
4000,4091,64,0,Greedy_oracle,1,12000,9310.0,0.7758333333333334,1.4493708610534668,False,2026-05-03T00:54:08
4000,4091,64,0,Greedy_oracle,2,12000,9310.0,0.7758333333333334,1.4278700351715088,False,2026-05-03T00:54:10
4000,4091,64,0,Greedy_oracle,3,12000,9310.0,0.7758333333333334,1.4269778728485107,False,2026-05-03T00:54:11
4000,4091,64,0,Greedy_oracle,4,12000,9310.0,0.7758333333333334,1.4308271408081055,False,2026-05-03T00:54:12
4000,4091,64,0,POMCP,0,12000,,,,True,2026-05-03T11:49:27
4000,4091,64,0,POMCP_bio_allo,0,12000,,,,True,2026-05-03T12:19:26
4000,4091,64,0,FSC_bio,0,12000,2896.0,0.24133333333333334,0.2708089351654053,False,2026-05-03T12:19:27
4000,4091,64,0,FSC_bio,1,12000,3367.0,0.28058333333333335,0.2798779010772705,False,2026-05-03T12:19:27
4000,4091,64,0,FSC_bio,2,12000,3565.0,0.2970833333333333,0.3018200397491455,False,2026-05-03T12:19:27
4000,4091,64,0,FSC_bio,3,12000,3432.0,0.286,0.31418395042419434,False,2026-05-03T12:19:27
4000,4091,64,0,FSC_bio,4,12000,3488.0,0.2906666666666667,0.3158609867095947,False,2026-05-03T12:19:28
4000,4091,64,0,POMCP_bio_ego,0,12000,1365.0,0.11375,0.30902791023254395,False,2026-05-03T12:19:28
4000,4091,64,0,POMCP_bio_ego,1,12000,1967.0,0.16391666666666665,0.3185899257659912,False,2026-05-03T12:19:28
4000,4091,64,0,POMCP_bio_ego,2,12000,1667.0,0.13891666666666666,0.30350375175476074,False,2026-05-03T12:19:29
4000,4091,64,0,POMCP_bio_ego,3,12000,1705.0,0.14208333333333334,0.2966489791870117,False,2026-05-03T12:19:29
4000,4091,64,0,POMCP_bio_ego,4,12000,1907.0,0.15891666666666668,0.31089305877685547,False,2026-05-03T12:19:29
4000,4080,64,1,Random,0,12000,1675.0,0.13958333333333334,0.0973360538482666,False,2026-05-03T12:19:30
4000,4080,64,1,Random,1,12000,2156.0,0.17966666666666667,0.10074520111083984,False,2026-05-03T12:19:30
4000,4080,64,1,Random,2,12000,1699.0,0.14158333333333334,0.09187674522399902,False,2026-05-03T12:19:30
4000,4080,64,1,Random,3,12000,2171.0,0.18091666666666667,0.08724403381347656,False,2026-05-03T12:19:30
4000,4080,64,1,Random,4,12000,1791.0,0.14925,0.08844327926635742,False,2026-05-03T12:19:30
4000,4080,64,1,Random_forward,0,12000,3074.0,0.25616666666666665,0.10491514205932617,False,2026-05-03T12:19:30
4000,4080,64,1,Random_forward,1,12000,3048.0,0.254,0.101898193359375,False,2026-05-03T12:19:30
4000,4080,64,1,Random_forward,2,12000,3102.0,0.2585,0.10050201416015625,False,2026-05-03T12:19:30
4000,4080,64,1,Random_forward,3,12000,2809.0,0.23408333333333334,0.10604071617126465,False,2026-05-03T12:19:30
4000,4080,64,1,Random_forward,4,12000,3242.0,0.27016666666666667,0.10683798789978027,False,2026-05-03T12:19:30
4000,4080,64,1,Greedy_oracle,0,12000,9304.0,0.7753333333333333,1.2970597743988037,False,2026-05-03T12:19:32
4000,4080,64,1,Greedy_oracle,1,12000,9304.0,0.7753333333333333,1.2850620746612549,False,2026-05-03T12:19:33
4000,4080,64,1,Greedy_oracle,2,12000,9304.0,0.7753333333333333,1.2889721393585205,False,2026-05-03T12:19:34
4000,4080,64,1,Greedy_oracle,3,12000,9304.0,0.7753333333333333,1.2388648986816406,False,2026-05-03T12:19:36
4000,4080,64,1,Greedy_oracle,4,12000,9304.0,0.7753333333333333,1.2948198318481445,False,2026-05-03T12:19:37
4000,4080,64,1,POMCP,0,12000,,,,True,2026-05-03T12:49:36
4000,4080,64,1,POMCP_bio_allo,0,12000,,,,True,2026-05-03T14:11:59
4000,4080,64,1,FSC_bio,0,12000,3134.0,0.26116666666666666,0.2862091064453125,False,2026-05-03T14:11:59
4000,4080,64,1,FSC_bio,1,12000,3102.0,0.2585,0.27834486961364746,False,2026-05-03T14:11:59
4000,4080,64,1,FSC_bio,2,12000,3259.0,0.27158333333333334,0.28406190872192383,False,2026-05-03T14:12:00
4000,4080,64,1,FSC_bio,3,12000,2876.0,0.23966666666666667,0.2738986015319824,False,2026-05-03T14:12:00
4000,4080,64,1,FSC_bio,4,12000,3527.0,0.29391666666666666,0.2893202304840088,False,2026-05-03T14:12:00
4000,4080,64,1,POMCP_bio_ego,0,12000,1316.0,0.10966666666666666,0.28975987434387207,False,2026-05-03T14:12:00
4000,4080,64,1,POMCP_bio_ego,1,12000,1560.0,0.13,0.30250000953674316,False,2026-05-03T14:12:01
4000,4080,64,1,POMCP_bio_ego,2,12000,2136.0,0.178,0.31088900566101074,False,2026-05-03T14:12:01
4000,4080,64,1,POMCP_bio_ego,3,12000,1987.0,0.16558333333333333,0.3107869625091553,False,2026-05-03T14:12:01
4000,4080,64,1,POMCP_bio_ego,4,12000,1758.0,0.1465,0.30156898498535156,False,2026-05-03T14:12:02
4000,4083,64,2,Random,0,12000,1859.0,0.15491666666666667,0.07983899116516113,False,2026-05-03T14:12:02
4000,4083,64,2,Random,1,12000,1654.0,0.13783333333333334,0.0795891284942627,False,2026-05-03T14:12:02
4000,4083,64,2,Random,2,12000,1612.0,0.13433333333333333,0.07882022857666016,False,2026-05-03T14:12:02
4000,4083,64,2,Random,3,12000,1463.0,0.12191666666666667,0.07834410667419434,False,2026-05-03T14:12:02
4000,4083,64,2,Random,4,12000,1475.0,0.12291666666666666,0.07867908477783203,False,2026-05-03T14:12:02
4000,4083,64,2,Random_forward,0,12000,3177.0,0.26475,0.09843611717224121,False,2026-05-03T14:12:02
4000,4083,64,2,Random_forward,1,12000,3119.0,0.2599166666666667,0.09754014015197754,False,2026-05-03T14:12:02
4000,4083,64,2,Random_forward,2,12000,3112.0,0.25933333333333336,0.09870481491088867,False,2026-05-03T14:12:02
4000,4083,64,2,Random_forward,3,12000,2884.0,0.24033333333333334,0.09798622131347656,False,2026-05-03T14:12:02
4000,4083,64,2,Random_forward,4,12000,2146.0,0.17883333333333334,0.09701895713806152,False,2026-05-03T14:12:03
4000,4083,64,2,Greedy_oracle,0,12000,9139.0,0.7615833333333333,0.9873840808868408,False,2026-05-03T14:12:04
4000,4083,64,2,Greedy_oracle,1,12000,9139.0,0.7615833333333333,0.9813430309295654,False,2026-05-03T14:12:05
4000,4083,64,2,Greedy_oracle,2,12000,9139.0,0.7615833333333333,0.9943652153015137,False,2026-05-03T14:12:06
4000,4083,64,2,Greedy_oracle,3,12000,9139.0,0.7615833333333333,0.9861328601837158,False,2026-05-03T14:12:07
4000,4083,64,2,Greedy_oracle,4,12000,9139.0,0.7615833333333333,0.9934608936309814,False,2026-05-03T14:12:08
4000,4083,64,2,POMCP,0,12000,,,,True,2026-05-03T14:42:07
4000,4083,64,2,POMCP_bio_allo,0,12000,,,,True,2026-05-03T15:12:05
4000,4083,64,2,FSC_bio,0,12000,3200.0,0.26666666666666666,0.28613781929016113,False,2026-05-03T15:12:06
4000,4083,64,2,FSC_bio,1,12000,3446.0,0.2871666666666667,0.2850210666656494,False,2026-05-03T15:12:06
4000,4083,64,2,FSC_bio,2,12000,3491.0,0.29091666666666666,0.2872579097747803,False,2026-05-03T15:12:06
4000,4083,64,2,FSC_bio,3,12000,3087.0,0.25725,0.2761039733886719,False,2026-05-03T15:12:07
4000,4083,64,2,FSC_bio,4,12000,2788.0,0.23233333333333334,0.2692558765411377,False,2026-05-03T15:12:07
4000,4083,64,2,POMCP_bio_ego,0,12000,95.0,0.007916666666666667,1508.3503768444061,False,2026-05-03T15:37:15
4000,4083,64,2,POMCP_bio_ego,1,12000,,,,True,2026-05-03T15:42:06
