exp_moment,animal_ID,bundled_filename,original_paths,n_yoking_df_rows,sha256,file_size_bytes
240222-135617,002,240222-135617_a002_data.csv,./data_in/1_experiment_csvs/240222-135617_a002_data.csv,1,605a2972a4b18b859d70e6660f6d99897aa0bab40cb86d592535106e82ec247b,2781
240222-140529,002,240222-140529_a002_data.csv,./data_in/1_experiment_csvs/240222-140529_a002_data.csv,1,291f70f58568afef860d551f70aba9c2b91fb3d813e23613eeb4df72ae97186a,3889
240222-151220,002,240222-151220_a002_data.csv,./data_in/1_experiment_csvs/240222-151220_a002_data.csv,1,8bb0f4d7f1ff6cef86cf2b0642f857e048ae005dc3cf024ec067ec00f82a32d8,12441
240222-165224,007,240222-165224_a007_data.csv,./data_in/1_experiment_csvs/240222-165224_a007_data.csv,1,76cc337acd94299837e31b1015b6cd206bef5b21443373fbc1fab1d33ce56b10,26463
240222-172048,007,240222-172048_a007_data.csv,./data_in/1_experiment_csvs/240222-172048_a007_data.csv,1,8f068b34f1f1bf45f06de288b98e3c97bd7ad478c1969858d006ee113e2e1409,6110
240222-175335,008,240222-175335_a008_data.csv,./data_in/1_experiment_csvs/240222-175335_a008_data.csv,1,606e859562ba03f11607ea383b92f50b086d0796b1118b3d913a0a26bbe644a7,4797
240222-181600,008,240222-181600_a008_data.csv,./data_in/1_experiment_csvs/240222-181600_a008_data.csv,1,637a1f5540d515d149bd218a18dae06b4ddc91c518d84726277336ceb4bc3660,3876
240222-182933,008,240222-182933_a008_data.csv,./data_in/1_experiment_csvs/240222-182933_a008_data.csv,1,3ab294e071effd3cf1821a39023bd2130869bd951cc40770906c217b4a323260,5441
240222-204949,002,240222-204949_a002_data.csv,./data_in/1_experiment_csvs/240222-204949_a002_data.csv,1,545beaa154496480d11c073486ddc775fdd9d584a3d84f72dfe5660dc8e24543,16876
240222-224328,002,240222-224328_a002_data.csv,./data_in/1_experiment_csvs/240222-224328_a002_data.csv,1,a3d9efde5a4d3ed7a7dde972e42e929e7979ed3cf719f7d7012c3fbfe107a9d1,22909
240223-160431,002,240223-160431_a002_data.csv,./data_in/1_experiment_csvs/240223-160431_a002_data.csv,1,e66a4089efb0656955201e78501fc66c49155c0acefb9ce25078822bb87e2881,23853
240223-174033,007,240223-174033_a007_data.csv,./data_in/1_experiment_csvs/240223-174033_a007_data.csv,1,96581d67179e48282ff9db2ff04ff017f2c56825e6a9562091447deab9c8c720,37695
240223-193124,008,240223-193124_a008_data.csv,./data_in/1_experiment_csvs/240223-193124_a008_data.csv,1,9a0aca5cc11cbc7239029ac0fbcebaeb126b8ee1cbef7eacc450cbc0b4be5179,57444
240223-214541,002,240223-214541_a002_data.csv,./data_in/1_experiment_csvs/240223-214541_a002_data.csv,1,b2dc82cd32673c05c6bd9688a0d8d8ac89ff360b8a7dca2ddae5ce0833b8af03,24580
240223-221851,007,240223-221851_a007_data.csv,./data_in/1_experiment_csvs/240223-221851_a007_data.csv,1,68aa83f7f486e71961510895ec7be929815fb2cf76e4eb7b1b0b8750a0e6fd92,23028
240224-150641,002,240224-150641_a002_data.csv,./data_in/1_experiment_csvs/240224-150641_a002_data.csv,1,723590b5d6f7a6139eac44458ff465a8e86e50eb89de0c0d1260ea4031909395,29810
240224-171744,007,240224-171744_a007_data.csv,./data_in/1_experiment_csvs/240224-171744_a007_data.csv,1,ea62fe16543161d85c50034f2f20dc9e1119e00ee92b3c6303f17b6c228ba423,58230
240224-190358,008,240224-190358_a008_data.csv,./data_in/1_experiment_csvs/240224-190358_a008_data.csv,1,12108e67e249272f0ece3636ab1d5b15eac47a1c7ec27a36dd514f8890935f4e,71111
240224-203254,002,240224-203254_a002_data.csv,./data_in/1_experiment_csvs/240224-203254_a002_data.csv,1,c2f23241f717c421c45897a15763ee008cbbde0755079888e35071fdaecb5f1a,30052
240225-160114,002,240225-160114_a002_data.csv,./data_in/1_experiment_csvs/240225-160114_a002_data.csv,1,b19ac535711f3bfcc390783d709c999d2f44520a479a4f3e4bd4fd9d5850cc48,27449
240225-175244,007,240225-175244_a007_data.csv,./data_in/1_experiment_csvs/240225-175244_a007_data.csv,1,fc6eff8e1fbd5d7093681677cd49ff71fd008dd38d238cf2a81ff1fd43bc3545,65219
240225-192809,008,240225-192809_a008_data.csv,./data_in/1_experiment_csvs/240225-192809_a008_data.csv,1,bf9f752a59b1a7ab15b8d6371c498be14b4e819c281406c134c1eaaad85080b9,55767
240225-213306,002,240225-213306_a002_data.csv,./data_in/1_experiment_csvs/240225-213306_a002_data.csv,1,cabc7a08211f97aaa64c9b675798bb813c6404d0ba413a0ebb1d3864a3ed8577,65773
240226-112600,002,240226-112600_a002_data.csv,./data_in/1_experiment_csvs/240226-112600_a002_data.csv,1,9b8d85ccf7f65d80290b65a15d0efc60ab49e5d6d9dcc0fc0cab582d7a433e2c,18771
240226-124049,007,240226-124049_a007_data.csv,./data_in/1_experiment_csvs/240226-124049_a007_data.csv,1,8da0efb1b14857df244d254354139931b56fad7728f8cb1f8c005d0c4e0b9347,50326
240226-140907,008,240226-140907_a008_data.csv,./data_in/1_experiment_csvs/240226-140907_a008_data.csv,1,851ed71dcb77b6d200d4c4391bb86806d7e1a566b37cb5984fc915dac9657b27,61921
240226-154652,002,240226-154652_a002_data.csv,./data_in/1_experiment_csvs/240226-154652_a002_data.csv,1,e9298d239765abc276174f81cf641d8e144fce7b4ef7f8140da32288303c9a90,28762
240226-155338,007,240226-155338_a007_data.csv,./data_in/1_experiment_csvs/240226-155338_a007_data.csv,1,b457acf238bcfc7040a48bd9eda22a29db7a17a1c8d5b5f5010e537b1ec7e6a8,3427
240226-171009,007,240226-171009_a007_data.csv,./data_in/1_experiment_csvs/240226-171009_a007_data.csv,1,7d4c99db0880e611c1e81ce7450297eef6207dc027e3c0e6ce88a3f216756777,33345
240226-190437,008,240226-190437_a008_data.csv,./data_in/1_experiment_csvs/240226-190437_a008_data.csv,1,9768f727dcddbdaa2151c59f61c4708e0e25840597c6f1965b5b7a1034f3ef8f,43153
240227-130621,002,240227-130621_a002_data.csv,./data_in/1_experiment_csvs/240227-130621_a002_data.csv,1,6e88649f7eea181f116689dac5632c83abc08443d91ad57ddcfd62e2fbd5c6fb,38279
240227-143115,007,240227-143115_a007_data.csv,./data_in/1_experiment_csvs/240227-143115_a007_data.csv,1,e0f17d79a4da3608f54b517f14445864259d777e54c25862df09ec51b4aeeb29,55441
240227-180045,008,240227-180045_a008_data.csv,./data_in/1_experiment_csvs/240227-180045_a008_data.csv,1,981e797c1341397a6f9729cf28e87130ff8e037d3aecf788bab0728da6533c1a,67675
240227-191813,002,240227-191813_a002_data.csv,./data_in/1_experiment_csvs/240227-191813_a002_data.csv,1,d7547779f982cf95b2bd0e9caee476d5da00ec3ed5e124e97a280d2e6580e283,30427
240227-203646,007,240227-203646_a007_data.csv,./data_in/1_experiment_csvs/240227-203646_a007_data.csv,1,43f415795110de98618f0e29f1f145b44e7e4327f8014eb70f95323d803bcb1e,28003
240227-204747,008,240227-204747_a008_data.csv,./data_in/1_experiment_csvs/240227-204747_a008_data.csv,1,98634451057cfb90e6b14918b636cc2d2f9984bc0cd9d309bac8516e56e55114,7679
240227-225707,008,240227-225707_a008_data.csv,./data_in/1_experiment_csvs/240227-225707_a008_data.csv,1,52b09fd85b525d4d9eae03774f33ea92ed84068cc25ef309f38017f0967b4aac,20012
240228-120043,002,240228-120043_a002_data.csv,./data_in/1_experiment_csvs/240228-120043_a002_data.csv,1,26ebe514d0edc5b080631cd3cfec9d4f0657eda1b8304f20857512b93ff6af1d,13546
240228-132725,007,240228-132725_a007_data.csv,./data_in/1_experiment_csvs/240228-132725_a007_data.csv,1,738440d2a5234f7352a661d56c5ca47dc985ce2b768361e16f912472041a3ad8,34079
240228-154948,008,240228-154948_a008_data.csv,./data_in/1_experiment_csvs/240228-154948_a008_data.csv,1,d396070f80382495ea7dd265802a8e804dbcaf27c55315bb8fd6c6aa7c40e31d,28392
240228-172920,002,240228-172920_a002_data.csv,./data_in/1_experiment_csvs/240228-172920_a002_data.csv,1,a6624f132292cc72658214a3029f8bc5566724b89b3f164c912dd1748d4c11d6,31419
240228-201752,007,240228-201752_a007_data.csv,./data_in/1_experiment_csvs/240228-201752_a007_data.csv,1,9c416239fe1cef9cf329a0dc3dbe768bf8e2bb16a2fb4154a9f7e9f2b1d4a4cd,28888
240228-220335,008,240228-220335_a008_data.csv,./data_in/1_experiment_csvs/240228-220335_a008_data.csv,1,e9b29d05467435bad59c2ae6d959b7f0054e6dab89ec07388445e8eab231e114,19828
240229-135528,002,240229-135528_a002_data.csv,./data_in/1_experiment_csvs/240229-135528_a002_data.csv,1,d4022ebb44368a34b8180bb7edb8c354a8c0c3b598f5842d2d11026a886e9efa,46373
240229-152434,007,240229-152434_a007_data.csv,./data_in/1_experiment_csvs/240229-152434_a007_data.csv,1,9b857997c2e942efa978ba4dd58c22af348a5ec1af167ab6c55e893e04c666e8,60699
240229-172154,008,240229-172154_a008_data.csv,./data_in/1_experiment_csvs/240229-172154_a008_data.csv,1,4eb8114ac9dec6c3d76cd37e343fe20c6ca5cc371d9497ef0915b06393268148,28266
240229-190110,002,240229-190110_a002_data.csv,./data_in/1_experiment_csvs/240229-190110_a002_data.csv,1,0b4f034a8767823882ca7dbf9576bfd3ef84614dd6b5b9c2eb51bef35c230409,33369
240229-205533,007,240229-205533_a007_data.csv,./data_in/1_experiment_csvs/240229-205533_a007_data.csv,1,427173c96f6826ce07e7f1cfae64384e1c449520c9ce1f16a7f55f80e17ef258,55858
240229-224036,008,240229-224036_a008_data.csv,./data_in/1_experiment_csvs/240229-224036_a008_data.csv,1,17bbb4bc27f2868c35e1c16d7e4efd4876456878021bc40952ace00aa5720f07,20608
240301-131705,002,240301-131705_a002_data.csv,./data_in/1_experiment_csvs/240301-131705_a002_data.csv,1,5419caeb36bd4189c9970e79f6d1e0af73a4f0b6633f7a91ead8491018fe9fd8,61097
240301-153931,007,240301-153931_a007_data.csv,./data_in/1_experiment_csvs/240301-153931_a007_data.csv,1,756c8101fa277abc85d492bdaef3d907bad5e326f0b1b2728eb00cdd95ce9723,72828
240301-173418,008,240301-173418_a008_data.csv,./data_in/1_experiment_csvs/240301-173418_a008_data.csv,1,9c701abcee61e4e5f740db7932e1b7fe3e3bafc2a080e1f068784b97f8593412,42773
240301-192504,004,240301-192504_a004_data.csv,./data_in/1_experiment_csvs/240301-192504_a004_data.csv,1,b5ccaf7a835a5432510e27ae36c8b44dded00b5d774b495712c21fc84fb56ddc,19672
240304-130506,002,240304-130506_a002_data.csv,./data_in/1_experiment_csvs/240304-130506_a002_data.csv,1,ac2ad7032cf6988e4dec1c9ad5ca79bcb012eb85dfe465bc8a9c062d9ef8854f,12755
240304-145453,007,240304-145453_a007_data.csv,./data_in/1_experiment_csvs/240304-145453_a007_data.csv,1,6b708f5f163413f86bba80505f463b94e95cdfe5d0373681f67f166d3fc024af,21357
240304-164255,008,240304-164255_a008_data.csv,./data_in/1_experiment_csvs/240304-164255_a008_data.csv,1,01cb91bc977f7997f1292a663aa01dcf0c213493ecee04aab0a2159933c04107,11803
240304-174540,004,240304-174540_a004_data.csv,./data_in/1_experiment_csvs/240304-174540_a004_data.csv,1,621159b03944bd7ba675704596f4d2a40f9cc860f4c79544cf11538f5be4668b,7775
240304-195016,002,240304-195016_a002_data.csv,./data_in/1_experiment_csvs/240304-195016_a002_data.csv,1,fab7517021bd903a635108f8b84b90411444ce2a1cf6782a7c5fa1b10da26ef3,11836
240304-213329,007,240304-213329_a007_data.csv,./data_in/1_experiment_csvs/240304-213329_a007_data.csv,1,6ca225049216ad620e31f5fbb6acec64eb4f477dc309f17ce44bc89da0d6cc89,42906
240304-231522,008,240304-231522_a008_data.csv,./data_in/1_experiment_csvs/240304-231522_a008_data.csv,1,ac4abe79b017162804da0aa6f1da838b2482e263ad05f55c0247566a06eff963,18220
240305-141714,002,240305-141714_a002_data.csv,./data_in/1_experiment_csvs/240305-141714_a002_data.csv,1,309a8f3dec9bd2b21b695e7d063f35856263927f5587784d9b8e7dd0162e7d4c,43046
240305-151215,007,240305-151215_a007_data.csv,./data_in/1_experiment_csvs/240305-151215_a007_data.csv,1,3967490d53f2f4eb247c4358b5c8629a9d0c50dabfbfe8a0ed5490c977bae038,34539
240305-182215,008,240305-182215_a008_data.csv,./data_in/1_experiment_csvs/240305-182215_a008_data.csv,1,887192928eb6cff317ac6da7599461237074a7447b374212642a419916d2d648,49538
240305-204136,004,240305-204136_a004_data.csv,./data_in/1_experiment_csvs/240305-204136_a004_data.csv,1,0d0cdf830e22f1e120ed23a611222c4658b9fcd59ab439e43a31fdf7dc1fd21d,32403
240306-142016,002,240306-142016_a002_data.csv,./data_in/1_experiment_csvs/240306-142016_a002_data.csv,1,d7b1fbaef2cd902ae4543f720b588c05a1c56a0ae06be52b283c49f25ce4c7f4,55856
240306-165856,007,240306-165856_a007_data.csv,./data_in/1_experiment_csvs/240306-165856_a007_data.csv,1,460eea92ea61f3ce815adce72444884df08ed8d80a4a7167d4756c5a432c3660,86285
240306-191216,008,240306-191216_a008_data.csv,./data_in/1_experiment_csvs/240306-191216_a008_data.csv,1,cd504e799045ad26818df9dc780a1758ab18517ba7d7b33ec1b1d4e638ac0e0e,67220
240306-210028,004,240306-210028_a004_data.csv,./data_in/1_experiment_csvs/240306-210028_a004_data.csv,1,a66fce04f53d01cb7ef8ce13f1d2fb10f06dce2557de2dfb96ec92261ed5131f,36082
240307-162458,002,240307-162458_a002_data.csv,./data_in/1_experiment_csvs/240307-162458_a002_data.csv,1,9c2e51ee1830d21ada130ee817b6848a16112fc4a273c8bca6f64680ebd98ec6,67448
240307-183319,007,240307-183319_a007_data.csv,./data_in/1_experiment_csvs/240307-183319_a007_data.csv,1,9ab17dfc9f8984e9a91a69f3a1fdb34561330893a5b46f38fc745cf856e37c75,100587
240307-201718,008,240307-201718_a008_data.csv,./data_in/1_experiment_csvs/240307-201718_a008_data.csv,1,67fc5d2f38e35e2ad03ea375c9c54fd1a6d063a5cac102ef38dd2005a9a2568d,51020
240307-221731,004,240307-221731_a004_data.csv,./data_in/1_experiment_csvs/240307-221731_a004_data.csv,1,b16dc7ec276c9d00fc9fe2e28d0cf4931b6ae66151beb85326903d63239fb12c,51352
240413-044848,007,240413-044848_a007_data.csv,./data_in/1_experiment_csvs/240413-044848_a007_data.csv,1,dd0da21034eadf877a58029998c24a33ceef4b5de093468bb2013ff62f8ea856,39620
240414-160518,007,240414-160518_a007_data.csv,./data_in/1_experiment_csvs/240414-160518_a007_data.csv,1,d1d78ffcdcccffbf61d324448edff70ecd99e969d951bb2ed343e465e6a5b19c,131016
240415-115155,007,240415-115155_a007_data.csv,./data_in/1_experiment_csvs/240415-115155_a007_data.csv,1,8dec97f5174b2056d433a9030bd1f94e25b4f14f472bb4522874eecf46950695,77315
240416-101226,007,240416-101226_a007_data.csv,./data_in/1_experiment_csvs/240416-101226_a007_data.csv,1,017d79f13448fb15e89191eec5390d8c22c3871ac663cc8692308f5f0ef00e38,68275
240417-140814,007,240417-140814_a007_data.csv,./data_in/1_experiment_csvs/240417-140814_a007_data.csv,1,d69552d4cfa2ee15ef530cfec0130ca48f7cb1351592f74ba5bcc495aae8c0eb,81748
240418-224522,007,240418-224522_a007_data.csv,./data_in/1_experiment_csvs/240418-224522_a007_data.csv,1,4d37d6c718317270abe5ad6db815dc8f8604f9652ce86c212d3625bff99d3363,45587
240422-005057,007,240422-005057_a007_data.csv,./data_in/1_experiment_csvs/240422-005057_a007_data.csv,1,0a04dd568cb7a9bb9bd1a69caf8814c2960ed73370a22aa729469b7074c50b47,183244
240422-173957,007,240422-173957_a007_data.csv,./data_in/1_experiment_csvs/240422-173957_a007_data.csv,1,ee24b3e08bf8ab136a236671bfee18796af81637701b81a7c0926b304e2a737d,59520
240424-114249,007,240424-114249_a007_data.csv,./data_in/1_experiment_csvs/240424-114249_a007_data.csv,1,9605f2bcc4d0c811264a64df518843c8d9c80ef247fee28e6b857e6ba1419964,134807
240425-213639,007,240425-213639_a007_data.csv,./data_in/1_experiment_csvs/240425-213639_a007_data.csv,1,fd75079e52cfd0f104beb2a7bcdceacd0e1026772039763b05899be2e9544e73,201264
240426-143601,007,240426-143601_a007_data.csv,./data_in/1_experiment_csvs/240426-143601_a007_data.csv,1,a61d87e2f05386aaf80757f67db42a8cf520c8d48855567c22f902f4f371828c,25419
240428-155325,003,240428-155325_a003_data.csv,./data_in/1_experiment_csvs/240428-155325_a003_data.csv,1,67680db49730451edac7f2ad58d47569f65a8f42cd2e63c8464094b2557176e0,145401
240429-105006,003,240429-105006_a003_data.csv,./data_in/1_experiment_csvs/240429-105006_a003_data.csv,1,602c44f71d57a12a20493b7d2c796b6397b008100cdaf2391ac92eb34644a95c,57549
240430-182903,003,240430-182903_a003_data.csv,./data_in/1_experiment_csvs/240430-182903_a003_data.csv,1,022add78f0376eb898276ccf98c31e80c83838a5cb6642ca97eed0b2d6f941b6,75144
240501-171554,007,240501-171554_a007_data.csv,./data_in/1_experiment_csvs/240501-171554_a007_data.csv,1,ea022bb10501a9133ac23cc3bd183d9397b94645a589925bd14429b695dc0f57,74029
240503-162432,007,240503-162432_a007_data.csv,./data_in/1_experiment_csvs/240503-162432_a007_data.csv,1,dfea80628e7937004f27d4f96c4d32984a26a4339749643f0c935b3e7fc15ed3,184003
240504-233305,007,240504-233305_a007_data.csv,./data_in/1_experiment_csvs/240504-233305_a007_data.csv,1,71551b8c0e0b9078dc7255c4cecd5260bb014abb4ffeafbb5c4235a272b686b7,184990
240507-221523,007,240507-221523_a007_data.csv,./data_in/1_experiment_csvs/240507-221523_a007_data.csv,1,c105c316912f5fa5d1e27d8da8592e64266ee813b8063b9f42aa8fed03a0fbdb,325108
240508-163458,007,240508-163458_a007_data.csv,./data_in/1_experiment_csvs/240508-163458_a007_data.csv,1,bef256c0e8809973c565258e3cff3e10e35843939d43540eab16b19c2c7c2292,68330
240510-122217,003,240510-122217_a003_data.csv,./data_in/1_experiment_csvs/240510-122217_a003_data.csv,1,25a3b6da7b32c74e3502f103a2d4984b2dc30d3404e89a36c8457bf6316e8d0d,22416
240510-153746,003,240510-153746_a003_data.csv,./data_in/1_experiment_csvs/240510-153746_a003_data.csv,1,e8b0351d35db5a797ab47da37337314e3ac06870362b8618da3721b0800a5ec8,60813
240510-154652,007,240510-154652_a007_data.csv,./data_in/1_experiment_csvs/240510-154652_a007_data.csv,1,2a0e8af0fab42b385e926535b6fea73f49174623121ee3300a2b2ee036012d07,4870
240512-025401,007,240512-025401_a007_data.csv,./data_in/1_experiment_csvs/240512-025401_a007_data.csv,1,e1eb56cdaae051c906e14fd0f5c18318b4b57c42beec0010a955d5cb0cf1a388,42882
240512-185132,003,240512-185132_a003_data.csv,./data_in/1_experiment_csvs/240512-185132_a003_data.csv,1,de7677e2299ddd84d8f7c4b30d5eff075f5190bc369e31ce8ccef9fc2991dbda,207063
240514-130824,007,240514-130824_a007_data.csv,./data_in/1_experiment_csvs/240514-130824_a007_data.csv,1,34a7b9862f7cccd61c0326a82adbf622f6a9293d8ad52d36a11333525095c62a,152124
240514-231624,007,240514-231624_a007_data.csv,./data_in/1_experiment_csvs/240514-231624_a007_data.csv,1,84e6facede44fd24536f882f54190bf50d41e050d2b09ee7dafebaea800b09d5,88357
240515-205230,003,240515-205230_a003_data.csv,./data_in/1_experiment_csvs/240515-205230_a003_data.csv,1,40c60fe5c46f815bc6b9a28f53bd0aa5f8094f780ff15919d701c7188382b5c8,208280
240517-010620,007,240517-010620_a007_data.csv,./data_in/1_experiment_csvs/240517-010620_a007_data.csv,1,4ae58ed0f71df3699da8f051662b473abaca24962c01d488c9bcb9b05dfe34c1,220578
240517-214739,003,240517-214739_a003_data.csv,./data_in/1_experiment_csvs/240517-214739_a003_data.csv,1,13848be41cb97ca7bbc0623f9f675f9e23c9a895d47879403a4846b50c5c1bd5,288528
240519-013533,007,240519-013533_a007_data.csv,./data_in/1_experiment_csvs/240519-013533_a007_data.csv,1,a23f5f5e85845dad2db390a1f5d7ecf2a3410ae4daa177e9942f31c6cca6d9bd,338750
240520-141108,003,240520-141108_a003_data.csv,./data_in/1_experiment_csvs/240520-141108_a003_data.csv,1,661e01f2d6da310709f0c252fe5f3acd30b79b7eeb0bf23ed209f95073c4b200,325932
240520-231243,003,240520-231243_a003_data.csv,./data_in/1_experiment_csvs/240520-231243_a003_data.csv,1,0d03aca91d457947ca9fc78049d227acbb3e85fb46073b125a66ac9ae359e83b,43927
240524-012350,007,240524-012350_a007_data.csv,./data_in/1_experiment_csvs/240524-012350_a007_data.csv,1,37382312e3522e65fc61aa1d197640933da92667443f9dd46d11307f8fe7b5da,15070
240524-015305,007,240524-015305_a007_data.csv,./data_in/1_experiment_csvs/240524-015305_a007_data.csv,1,1df485a1d91cd6ed17d9e26e1531f0b9997f7ce2d2ec5a7637fcab9e706b71d1,13889
240524-041556,007,240524-041556_a007_data.csv,./data_in/1_experiment_csvs/240524-041556_a007_data.csv,1,efe6a838f2ba4006eac0edfccbe09d4f10c6aa15ca915ea6d4d8a03cca7e01ce,65466
240524-064621,007,240524-064621_a007_data.csv,./data_in/1_experiment_csvs/240524-064621_a007_data.csv,1,5d062b869b69d31148a7a0fcdb1a4b255649d3db2f60cffb01c15f904b5bf5b1,69797
240525-010331,007,240525-010331_a007_data.csv,./data_in/1_experiment_csvs/240525-010331_a007_data.csv,1,22c231feb5cc5f58ac58a14d05163f9679bffd306271d9bceb5c4eb972db086d,121721
240525-225532,007,240525-225532_a007_data.csv,./data_in/1_experiment_csvs/240525-225532_a007_data.csv,1,75d1a7680181eb20957d0e3191d1e2b667cf97c6336f4328787cee0c29c72594,142381
240529-031121,007,240529-031121_a007_data.csv,./data_in/1_experiment_csvs/240529-031121_a007_data.csv,1,57caafb2965764e2c383480908f5bc299e704b84b1b5b6d9c0a25e47610c850d,125862
240601-022150,007,240601-022150_a007_data.csv,./data_in/1_experiment_csvs/240601-022150_a007_data.csv,1,eb4ce37542037679cde0331ade7e31d5f38180a4e2212334073454df36c7741c,258857
240807-163553,007,240807-163553_a007_data.csv,./data_in/1_experiment_csvs/240807-163553_a007_data.csv,1,b183dac0e9723fbe5b1b2437d4e315346ea37d48e460f25d0cb0442dd75daf0e,4509
240828-152257,001,240828-152257_a001_data.csv,./data_in/1_experiment_csvs/240828-152257_a001_data.csv;./data_in/0_raw_exp_dirs_from_RPi/240828-133141_a001/240828-152257_a001_data.csv,2,cfb86f5e2f2be31dab6eba96773fdccc76f0a28aeec0f94e60ecd6ebc1193eef,24985
240829-134031,001,240829-134031_a001_data.csv,./data_in/1_experiment_csvs/240829-134031_a001_data.csv;./data_in/0_raw_exp_dirs_from_RPi/240828-152409_a001/240829-134031_a001_data.csv,2,8a1c41ed20380526fe0e85ca64a3f16404367ac2c00a1788dc0208f2dcd9a4aa,77222
240829-185606,001,240829-185606_a001_data.csv,./data_in/1_experiment_csvs/240829-185606_a001_data.csv;./data_in/0_raw_exp_dirs_from_RPi/240829-134520_a001/240829-185606_a001_data.csv,2,543d3f52fc79a518b67459d4720a198237fe384be22d86b4e6eae1fc8a63703a,33700
240829-212209,001,240829-212209_a001_data.csv,./data_in/1_experiment_csvs/240829-212209_a001_data.csv;./data_in/0_raw_exp_dirs_from_RPi/240829-190309_a001/240829-212209_a001_data.csv,2,c43ccf73a6a35dd576886f6a888030fe25917559df923cfd23ea1559ce1778bd,8449
240830-000138,001,240830-000138_a001_data.csv,./data_in/1_experiment_csvs/240830-000138_a001_data.csv;./data_in/0_raw_exp_dirs_from_RPi/240829-212553_a001/240830-000138_a001_data.csv,2,efc7fb0c12597b1150f3c5de111d547c3b09c225ba3841330f102adfeb78f919,14025
240831-151828,001,240831-151828_a001_data.csv,./data_in/1_experiment_csvs/240831-151828_a001_data.csv;./data_in/0_raw_exp_dirs_from_RPi/240830-104026_a001/240831-151828_a001_data.csv,2,be5ecb5b3f4c23e892e996935138cb717fd6a223a91abf13b9b3c943543d5285,50728
240831-205653,001,240831-205653_a001_data.csv,./data_in/1_experiment_csvs/240831-205653_a001_data.csv;./data_in/0_raw_exp_dirs_from_RPi/240831-151909_a001/240831-205653_a001_data.csv,2,d5930a766359bbdc6b0ec033b7a44898bf2b63b5eda9f6907cccd60578de43b2,28202
240901-203651,001,240901-203651_a001_data.csv,./data_in/1_experiment_csvs/240901-203651_a001_data.csv;./data_in/0_raw_exp_dirs_from_RPi/240831-205725_a001/240901-203651_a001_data.csv,2,66d229be034caa36c222d3292f2de8b3500e06e4089dba786b00963b100e7a6a,41615
240901-224944,001,240901-224944_a001_data.csv,./data_in/1_experiment_csvs/240901-224944_a001_data.csv;./data_in/0_raw_exp_dirs_from_RPi/240901-205353_a001/240901-224944_a001_data.csv,2,921708283c20c9c58d0949cb13d6247d08c40e51a434b31f38f9dac26867702c,19704
240905-144728,001,240905-144728_a001_data.csv,./data_in/0_raw_exp_dirs_from_RPi/240905-143058_a001-noRwdInfoErrorDuringSim/240905-144728_a001_data.csv,1,00b172b3c2b40962619afcac83d8cbbdbd5c9baa0c1f48f64d0d9fa80130f0c4,3225
240906-112537,001,240906-112537_a001_data.csv,./data_in/1_experiment_csvs/240906-112537_a001_data.csv;./data_in/0_raw_exp_dirs_from_RPi/240905-161017_a001/240906-112537_a001_data.csv,2,ee02d3512dfcac3eb35c1bb40a3cf3bd88cdf2ea12ba5ee56375d3adb699d9b5,16556
240906-151039,003,240906-151039_a003_data.csv,./data_in/1_experiment_csvs/240906-151039_a003_data.csv;./data_in/0_raw_exp_dirs_from_RPi/240906-115932_a003/240906-151039_a003_data.csv,2,16f9499706f4cccde263e98bd6d0e71f737946a0cc37f3d7935d17e8f13e9a50,21071
240906-152402,003,240906-152402_a003_data.csv,./data_in/1_experiment_csvs/240906-152402_a003_data.csv;./data_in/0_raw_exp_dirs_from_RPi/240906-151637_a003/240906-152402_a003_data.csv,2,fc2583c02b8454deba6522473835e3e7dff72bd1fd42e50f3530ee29a9b3ecf6,3734
240906-153542,003,240906-153542_a003_data.csv,./data_in/0_raw_exp_dirs_from_RPi/240906-153023_a003/240906-153542_a003_data.csv,1,863195fb63a681b07f941a7cbfea7d1a0bc1e79083eaf568ea00f9ccf4ba30a2,562
240906-234545,003,240906-234545_a003_data.csv,./data_in/1_experiment_csvs/240906-234545_a003_data.csv;./data_in/0_raw_exp_dirs_from_RPi/240906-154302_a003/240906-234545_a003_data.csv,2,2e2c52cd6a37add34e278c6966473859be3ab112cc1af282bf9153468c9f36a2,22890
240907-201621,001,240907-201621_a001_data.csv,./data_in/0_raw_exp_dirs_from_RPi/240907-201449_a001/240907-201621_a001_data.csv,1,284c37f21f05a2aa346335c961ccf63f55e8af48b486972607f6dc4851f9c076,934
240907-202036,001,240907-202036_a001_data.csv,./data_in/1_experiment_csvs/240907-202036_a001_data.csv;./data_in/0_raw_exp_dirs_from_RPi/240907-201638_a001/240907-202036_a001_data.csv,2,ab837a8bf718db268cb351fbbe91d6b73bf951a862023076a8e859efbb58c719,4077
240908-094846,001,240908-094846_a001_data.csv,./data_in/1_experiment_csvs/240908-094846_a001_data.csv;./data_in/0_raw_exp_dirs_from_RPi/240907-202128_a001/240908-094846_a001_data.csv,2,88ffd3775d753a01fceb2780a56a193990a7fa8110898978f257c372b2295bfe,28130
240909-073945,001,240909-073945_a001_data.csv,./data_in/1_experiment_csvs/240909-073945_a001_data.csv;./data_in/0_raw_exp_dirs_from_RPi/240908-223337_a001/240909-073945_a001_data.csv,2,81519c957cbb0532b46f104e1e82900cca117bd30f69dbb823fe2b9735a51834,14960
240909-131750,003,240909-131750_a003_data.csv,./data_in/1_experiment_csvs/240909-131750_a003_data.csv;./data_in/0_raw_exp_dirs_from_RPi/240909-124125_a003/240909-131750_a003_data.csv,2,1d57c24fddfdcb33a99458692809d6b75d0ac02309aff055cb49fcbede5389e6,10430
240909-202739,002,240909-202739_a002_data.csv,./data_in/1_experiment_csvs/240909-202739_a002_data.csv;./data_in/0_raw_exp_dirs_from_RPi/240909-181614_a002/240909-202739_a002_data.csv,2,cb2097c85f82db397d43f3f4f631ae5011b4136f2f4368a85af9da89de6136c8,11623
240910-133355,002,240910-133355_a002_data.csv,./data_in/1_experiment_csvs/240910-133355_a002_data.csv;./data_in/0_raw_exp_dirs_from_RPi/240909-211250_a002/240910-133355_a002_data.csv,2,7e946f058de344af1977a3680f76455d10c4500aaf1fb0a6263e1038e6f19055,29057
240910-192752,002,240910-192752_a002_data.csv,./data_in/1_experiment_csvs/240910-192752_a002_data.csv;./data_in/0_raw_exp_dirs_from_RPi/240910-133608_a002/240910-192752_a002_data.csv,2,43ca1be1098377320685cf51e206c1c5934de65b76f73eec52126e271b1837b7,25069
240911-000256,002,240911-000256_a002_data.csv,./data_in/1_experiment_csvs/240911-000256_a002_data.csv;./data_in/0_raw_exp_dirs_from_RPi/240910-230944_a002/240911-000256_a002_data.csv,2,e63a582f5c77b5c2a07d8ce7ca4f22c187fa3f055c46fb428a8304caad027575,15970
240917-003130,185,240917-003130_a185_data.csv,./data_in/1_experiment_csvs/240917-003130_a185_data.csv;./data_in/0_raw_exp_dirs_from_RPi/240916-113433_a185-resetInfoPresent/240917-003130_a185_data.csv,2,282fcdda1f35848ff37f4975bdffe72c4d8d868eb5ee78e36f6e40dc93e21525,13847
240917-134349,185,240917-134349_a185_data.csv,./data_in/1_experiment_csvs/240917-134349_a185_data.csv;./data_in/0_raw_exp_dirs_from_RPi/240917-003242_a185/240917-134349_a185_data.csv,2,9a1e92b5890f5e4a27a39d6c007470624f73afb4726bab7ad033a830bb50176f,20762
240917-235844,185,240917-235844_a185_data.csv,./data_in/1_experiment_csvs/240917-235844_a185_data.csv;./data_in/0_raw_exp_dirs_from_RPi/240917-134437_a185/240917-235844_a185_data.csv,2,26fb80d04a4a6bc9b944af178bf443a70a8d0d423f8936dd118ae72324bd4428,24058
240918-144256,185,240918-144256_a185_data.csv,./data_in/1_experiment_csvs/240918-144256_a185_data.csv;./data_in/0_raw_exp_dirs_from_RPi/240917-235956_a185/240918-144256_a185_data.csv,2,8f223d8889150cb4d940333d1a62c960dcb6d0c93512232df4fa47a1c4b16e86,53900
240919-173759,185,240919-173759_a185_data.csv,./data_in/1_experiment_csvs/240919-173759_a185_data.csv;./data_in/0_raw_exp_dirs_from_RPi/240918-144642_a185/240919-173759_a185_data.csv,2,f794c9916dae7005dff07bc2d6cb9e98772b23d43ea078b60532e95b7fce27d5,62229
240920-003127,185,240920-003127_a185_data.csv,./data_in/1_experiment_csvs/240920-003127_a185_data.csv;./data_in/0_raw_exp_dirs_from_RPi/240919-174313_a185/240920-003127_a185_data.csv,2,0ad14fc787549208a1c9afd82dda6ba4d652a4c8b91bba29a2ef21f56bdf972d,24376
240920-184527,185,240920-184527_a185_data.csv,./data_in/1_experiment_csvs/240920-184527_a185_data.csv;./data_in/0_raw_exp_dirs_from_RPi/240920-170243_a185/240920-184527_a185_data.csv,2,df7f07e8da3f4d05c65fc563fa4503e23b6a84fc521c79a4be432857805a5e44,7525
240921-132254,185,240921-132254_a185_data.csv,./data_in/1_experiment_csvs/240921-132254_a185_data.csv;./data_in/0_raw_exp_dirs_from_RPi/240920-184535_a185/240921-132254_a185_data.csv,2,2512033af86467177711b37b3930249e793c0892b4995fc530969a40c8bdb3aa,7771
240930-180601,188,240930-180601_a188_data.csv,./data_in/0_raw_exp_dirs_from_RPi/240930-173109_a188-noRwdInfoErrorDuringSim/240930-180601_a188_data.csv,1,0a4055b29029ac0dcc55c3ec4a31498c4e7d5aaae0d3661a3cb6800f23944f3e,2051
241001-174611,188,241001-174611_a188_data.csv,./data_in/1_experiment_csvs/241001-174611_a188_data.csv;./data_in/0_raw_exp_dirs_from_RPi/240930-180704_a188/241001-174611_a188_data.csv,2,cead980df1f1dc7f0e3b6081732db71858a7293208f89dff6a9628f3473b07c1,28632
241002-001532,188,241002-001532_a188_data.csv,./data_in/1_experiment_csvs/241002-001532_a188_data.csv;./data_in/0_raw_exp_dirs_from_RPi/241001-181456_a188/241002-001532_a188_data.csv,2,e7ad2214197db7b2222419f788931096cdd5a292fdf83a0f5cbb57b64ee4e041,46464
241002-165901,188,241002-165901_a188_data.csv,./data_in/1_experiment_csvs/241002-165901_a188_data.csv;./data_in/0_raw_exp_dirs_from_RPi/241002-003507_a188/241002-165901_a188_data.csv,2,9906b7e7e6eff9b362f6e14e584ddea8a6fbd5b160a6761f1d60e7517a7a6423,37149
241002-191505,188,241002-191505_a188_data.csv,./data_in/1_experiment_csvs/241002-191505_a188_data.csv;./data_in/0_raw_exp_dirs_from_RPi/241002-165950_a188/241002-191505_a188_data.csv,2,3ff583d715f35fcec81d9dedebb97334e8783370148f75af84bd8ffabc165e10,32175
241003-120422,188,241003-120422_a188_data.csv,./data_in/1_experiment_csvs/241003-120422_a188_data.csv;./data_in/0_raw_exp_dirs_from_RPi/241002-191519_a188/241003-120422_a188_data.csv,2,2e21b6245352b83e9aa70ceddd3238d27c454bf599f3f849b9d6080872a89400,50798
241003-230719,188,241003-230719_a188_data.csv,./data_in/1_experiment_csvs/241003-230719_a188_data.csv;./data_in/0_raw_exp_dirs_from_RPi/241003-120433_a188/241003-230719_a188_data.csv,2,958dcd5f506f2c4dc2c697e7825d53370db0ccde840d3610c96024f245401981,25444
241004-160533,188,241004-160533_a188_data.csv,./data_in/1_experiment_csvs/241004-160533_a188_data.csv;./data_in/0_raw_exp_dirs_from_RPi/241003-230731_a188/241004-160533_a188_data.csv,2,ac13cddc481a2d7469c08baadbbd9670052ceeb8b05c6a8f37d5efc4752c9b1b,68431
241005-004809,188,241005-004809_a188_data.csv,./data_in/1_experiment_csvs/241005-004809_a188_data.csv;./data_in/0_raw_exp_dirs_from_RPi/241004-160543_a188/241005-004809_a188_data.csv,2,da99fad8845d49757378fde725a8c93cff746bcfb12f164001f5e2fe74227ac5,28490
241006-013119,188,241006-013119_a188_data.csv,./data_in/1_experiment_csvs/241006-013119_a188_data.csv;./data_in/0_raw_exp_dirs_from_RPi/241005-004817_a188/241006-013119_a188_data.csv,2,cd7165fcdbf9cf1a655e9e2104b529af54fb3d2ba3f9d57973e3b698e3e0f3d4,31845
241007-042510,188,241007-042510_a188_data.csv,./data_in/1_experiment_csvs/241007-042510_a188_data.csv;./data_in/0_raw_exp_dirs_from_RPi/241006-013721_a188/241007-042510_a188_data.csv,2,f09086244d0e7b72ee67217602303cd66ee58e13a6f001c31666ef0c2ad3879c,13298
241007-175208,185,241007-175208_a185_data.csv,./data_in/1_experiment_csvs/241007-175208_a185_data.csv;./data_in/0_raw_exp_dirs_from_RPi/241007-151435_a185/241007-175208_a185_data.csv,2,ba401f793807d771228f82650c30ad8dcdec49821abdc97f66d54a334520f6fd,27011
241008-112318,185,241008-112318_a185_data.csv,./data_in/1_experiment_csvs/241008-112318_a185_data.csv;./data_in/0_raw_exp_dirs_from_RPi/241007-201307_a185/241008-112318_a185_data.csv,2,7d7fb58a505ac318584e67831b5101b67661fd304d833a227cd5abd879ca7980,35321
241009-010858,185,241009-010858_a185_data.csv,./data_in/1_experiment_csvs/241009-010858_a185_data.csv;./data_in/0_raw_exp_dirs_from_RPi/241008-112703_a185/241009-010858_a185_data.csv,2,7c241eb043517bef1c793a2461f130d9a53ef9bca84c44610d9e7f377b15a92c,49155
241009-214240,185,241009-214240_a185_data.csv,./data_in/1_experiment_csvs/241009-214240_a185_data.csv;./data_in/0_raw_exp_dirs_from_RPi/241009-011153_a185/241009-214240_a185_data.csv,2,eef51d95ba892e213cd2b0152e7126a0db1fabe748e6044283111414b719979b,38788
241009-232418,185,241009-232418_a185_data.csv,./data_in/1_experiment_csvs/241009-232418_a185_data.csv;./data_in/0_raw_exp_dirs_from_RPi/241009-214311_a185/241009-232418_a185_data.csv,2,e06586fbd996a9155a733f3ed919631668060c680d691d4023318efff07d2d5b,24840
241012-172909,185,241012-172909_a185_data.csv,./data_in/0_raw_exp_dirs_from_RPi/241012-170640_a188-mislabled_a185/241012-172909_a185_data.csv,1,e0c965e1be463724d8b48e5c7665974d2665ccb313023608f19ce61ab41d2e65,9565
241012-174910,185,241012-174910_a185_data.csv,./data_in/0_raw_exp_dirs_from_RPi/241012-173048_a188-mislabled_a185/241012-174910_a185_data.csv,1,e7e2bab1e7934adfba601ad8507c82c59845c27d0c5178d3a99cdd916406858b,11727
241012-183609,185,241012-183609_a185_data.csv,./data_in/0_raw_exp_dirs_from_RPi/241012-175338_a188-mislabled_a185/241012-183609_a185_data.csv,1,0de4da5a4f6220ac9534eadcd1703cbe817345e97c9ff175c53d21fbffefe172,24883
241012-200348,185,241012-200348_a185_data.csv,./data_in/0_raw_exp_dirs_from_RPi/241012-183814_a188-mislabled_a185/241012-200348_a185_data.csv,1,06e5ba11ce151a2d5495ef9bd8d913234167742bb73e87c094397cda8776b40c,40354
241012-224009,188,241012-224009_a188_data.csv,./data_in/1_experiment_csvs/241012-224009_a188_data.csv;./data_in/0_raw_exp_dirs_from_RPi/241012-200959_a188/241012-224009_a188_data.csv,2,f88ae1a9ee50c7f2267eba24871315b5691a5e26367d9943d486e9f9e6bb6812,49710
241013-174837,188,241013-174837_a188_data.csv,./data_in/1_experiment_csvs/241013-174837_a188_data.csv;./data_in/0_raw_exp_dirs_from_RPi/241013-022940_a188/241013-174837_a188_data.csv,2,f8eacafc4280f20e181b1653380d6f0510a47a5c796305dc7c38d0ba8b557c9c,51160
241014-000524,188,241014-000524_a188_data.csv,./data_in/1_experiment_csvs/241014-000524_a188_data.csv;./data_in/0_raw_exp_dirs_from_RPi/241013-175023_a188/241014-000524_a188_data.csv,2,f73ccd9057eac0d361e0f79ea67b3550055a9fcc47898e329e9e4d193da53a41,58989
241014-004224,188,241014-004224_a188_data.csv,./data_in/1_experiment_csvs/241014-004224_a188_data.csv;./data_in/0_raw_exp_dirs_from_RPi/241014-000658_a188/241014-004224_a188_data.csv,2,e86c39135f1c7bb7337c44b1c4fbb5498ee79a1e794e8948e155646b38843a54,17155
241014-021400,188,241014-021400_a188_data.csv,./data_in/1_experiment_csvs/241014-021400_a188_data.csv;./data_in/0_raw_exp_dirs_from_RPi/241014-004407_a188/241014-021400_a188_data.csv,2,785154b565bef86b8f6f98ade5c02fd720d02b6451ce410af4797f32aa6f7f62,19421
241014-185629,188,241014-185629_a188_data.csv,./data_in/1_experiment_csvs/241014-185629_a188_data.csv;./data_in/0_raw_exp_dirs_from_RPi/241014-021413_a188/241014-185629_a188_data.csv,2,ceb5df040ffd05cefea631f7f81682c3d850e0d5fe74c29b1c60e00a3d060f3a,49589
241014-234232,188,241014-234232_a188_data.csv,./data_in/1_experiment_csvs/241014-234232_a188_data.csv;./data_in/0_raw_exp_dirs_from_RPi/241014-214116_a188/241014-234232_a188_data.csv,2,84be17101f4be35a95b8dbb716c61eab38cff002f1fab17a7ee6dea55c501c9d,26690
241015-211418,188,241015-211418_a188_data.csv,./data_in/1_experiment_csvs/241015-211418_a188_data.csv;./data_in/0_raw_exp_dirs_from_RPi/241014-234334_a188/241015-211418_a188_data.csv,2,2254d01cb56f17b03dd1caad79357ee6428e4c13bd61639d1a434afb2bd213e4,65736
241015-235927,188,241015-235927_a188_data.csv,./data_in/1_experiment_csvs/241015-235927_a188_data.csv;./data_in/0_raw_exp_dirs_from_RPi/241015-211615_a188/241015-235927_a188_data.csv,2,c199ec6ff5a9fb334e6dbdb5537c3a4080a459d967dda8615a21d44697c06635,39283
241016-044806,188,241016-044806_a188_data.csv,./data_in/1_experiment_csvs/241016-044806_a188_data.csv;./data_in/0_raw_exp_dirs_from_RPi/241016-000026_a188/241016-044806_a188_data.csv,2,99b053b5c34c41415c371b59bd643a577c93e72a0c548c10f447af5ce8521578,32907
241115-162742,188,241115-162742_a188_data.csv,./data_in/1_experiment_csvs/241115-162742_a188_data.csv;./data_in/0_raw_exp_dirs_from_RPi/241114-210454_a188/241115-162742_a188_data.csv,2,41deb3b1ed7d437c1b87c3b0c0ecd149e71100ff9687f202416b3d0b615f206c,141046
241115-173537,188,241115-173537_a188_data.csv,./data_in/1_experiment_csvs/241115-173537_a188_data.csv;./data_in/0_raw_exp_dirs_from_RPi/241115-162844_a188/241115-173537_a188_data.csv,2,e940d9015fcfb2338ae952dc2cebec45583af6d1b216fb5e7d878c1f5f0384b6,10376
241116-163919,185,241116-163919_a185_data.csv,./data_in/1_experiment_csvs/241116-163919_a185_data.csv;./data_in/0_raw_exp_dirs_from_RPi/241115-173556_a185/241116-163919_a185_data.csv,2,39d5bbf6bffbb4afd075aedf992cb73117f534a6fdad4eb47a1fa62b7c5979a5,52058
241117-193429,188,241117-193429_a188_data.csv,./data_in/1_experiment_csvs/241117-193429_a188_data.csv;./data_in/0_raw_exp_dirs_from_RPi/241116-165043_a188/241117-193429_a188_data.csv,2,568b9d575847630eeb8c1ca1e1683dd6e5f383f9d2783832184b0f070ed9dc55,76951
241118-150642,185,241118-150642_a185_data.csv,./data_in/1_experiment_csvs/241118-150642_a185_data.csv;./data_in/0_raw_exp_dirs_from_RPi/241117-194020_a185/241118-150642_a185_data.csv,2,4720fb62a1b4f9025a946664f2900e1e6d506d626fd238146611a3c67bdb0e66,39070
241118-154204,188,241118-154204_a188_data.csv,./data_in/1_experiment_csvs/241118-154204_a188_data.csv;./data_in/0_raw_exp_dirs_from_RPi/241118-151036_a188/241118-154204_a188_data.csv,2,83fc86510d5b2aabd7ffd74174f10485514966bf8c66b987b52d8da48b536908,17187
241118-164607,188,241118-164607_a188_data.csv,./data_in/1_experiment_csvs/241118-164607_a188_data.csv;./data_in/0_raw_exp_dirs_from_RPi/241118-154214_a188/241118-164607_a188_data.csv,2,17dc32b641819c1aad6359624542fef600eec367747d9f314b13adb0e6ca967a,47966
241120-155145,185,241120-155145_a185_data.csv,./data_in/1_experiment_csvs/241120-155145_a185_data.csv;./data_in/0_raw_exp_dirs_from_RPi/241119-132801_a185-eastArmReplaced/241120-155145_a185_data.csv,2,3a21071ba2cfd463229aa5916193917e16c5f0bcc69d09dba3a8146006994383,62000
241121-161838,188,241121-161838_a188_data.csv,./data_in/1_experiment_csvs/241121-161838_a188_data.csv;./data_in/0_raw_exp_dirs_from_RPi/241120-155315_a188/241121-161838_a188_data.csv,2,1ed6d54b7433cb882990eea01b2b7c26319b28fa7ac4051bf385858d9d222cda,105442
250205-163722,029,250205-163722_a029_data.csv,./data_in/1_experiment_csvs/250205-163722_a029_data.csv;./data_in/0_raw_exp_dirs_from_RPi/250204-163756_a029/250205-163722_a029_data.csv,2,c0b7f9c7a690c88da847f8f6e81485ea69d12e00f2b7d5e3aaf7c4873e16aa34,109958
250205-232618,029,250205-232618_a029_data.csv,./data_in/1_experiment_csvs/250205-232618_a029_data.csv;./data_in/0_raw_exp_dirs_from_RPi/250205-163850_a029/250205-232618_a029_data.csv,2,e7a6e10d5edab8cc58bb15ad2cbabb2d4530793683c6e59dc1006085244e38e1,24395
250206-152402,029,250206-152402_a029_data.csv,./data_in/1_experiment_csvs/250206-152402_a029_data.csv;./data_in/0_raw_exp_dirs_from_RPi/250205-234417_a029/250206-152402_a029_data.csv,2,db81fd0d3535e0e8d7053fb644e504bf8e1ab8c9711884c9bbd2cb68b73b9668,7499
250206-235033,029,250206-235033_a029_data.csv,./data_in/1_experiment_csvs/250206-235033_a029_data.csv;./data_in/0_raw_exp_dirs_from_RPi/250206-155930_a029/250206-235033_a029_data.csv,2,83f9a066d958a1e16879f00afe10b97e077eaa73c052738531807e2fcc395aad,42693
250207-172209,029,250207-172209_a029_data.csv,./data_in/1_experiment_csvs/250207-172209_a029_data.csv;./data_in/0_raw_exp_dirs_from_RPi/250207-005610_a029/250207-172209_a029_data.csv,2,8f5b7fa6ff43643f709ead6e107052c90efb824591894faa669a5a92f9eaccba,49426
250208-001652,029,250208-001652_a029_data.csv,./data_in/1_experiment_csvs/250208-001652_a029_data.csv;./data_in/0_raw_exp_dirs_from_RPi/250207-172220_a029/250208-001652_a029_data.csv,2,1975e37d74af97b171c20968f994447a94a28932060b9d133c98acb53186f525,27728
250213-144255,029,250213-144255_a029_data.csv,./data_in/0_raw_exp_dirs_from_RPi/250213-144206_a029/250213-144255_a029_data.csv,1,d58048d77e7853764307d160cacfaa2ff94c68444eb655292269a4a502d5b444,586
250214-144349,029,250214-144349_a029_data.csv,./data_in/1_experiment_csvs/250214-144349_a029_data.csv;./data_in/0_raw_exp_dirs_from_RPi/250213-150935_a029/250214-144349_a029_data.csv,2,20ebfd92e5367c021416b99fa4d81254b80f76e42e0ee70ad3702e401d89e3e0,17135
250214-231334,029,250214-231334_a029_data.csv,./data_in/1_experiment_csvs/250214-231334_a029_data.csv;./data_in/0_raw_exp_dirs_from_RPi/250214-144738_a029/250214-231334_a029_data.csv,2,c91c0fc77a84512fe93b5f522a2d3894746eaaa8843493e561aef442c3ffa8b8,17751
250215-171737,029,250215-171737_a029_data.csv,./data_in/1_experiment_csvs/250215-171737_a029_data.csv;./data_in/0_raw_exp_dirs_from_RPi/250214-231430_a029/250215-171737_a029_data.csv,2,6fb24e3d7c705374d1e0d469380267cbde72b70413d151026db1ebba2e388092,33045
250216-234150,029,250216-234150_a029_data.csv,./data_in/1_experiment_csvs/250216-234150_a029_data.csv;./data_in/0_raw_exp_dirs_from_RPi/250215-171820_a029/250216-234150_a029_data.csv,2,906d7261880d235a77d5747519044914f12abe0c8495d5646748f61d681493b3,41499
250217-152659,029,250217-152659_a029_data.csv,./data_in/1_experiment_csvs/250217-152659_a029_data.csv;./data_in/0_raw_exp_dirs_from_RPi/250217-004803_a029/250217-152659_a029_data.csv,2,ce4311811700afc11ce7f67642a1e22157101da6d143025f035f963a339635b2,10389
250218-110446,029,250218-110446_a029_data.csv,./data_in/1_experiment_csvs/250218-110446_a029_data.csv;./data_in/0_raw_exp_dirs_from_RPi/250217-152716_a029/250218-110446_a029_data.csv,2,74755f071c71ab63e8c3bf01d6fa26c64778ffa98a3628ce86b2e475eaf2e552,31573
250219-215217,029,250219-215217_a029_data.csv,./data_in/1_experiment_csvs/250219-215217_a029_data.csv;./data_in/0_raw_exp_dirs_from_RPi/250218-110653_a029/250219-215217_a029_data.csv,2,d52e8c00c5ef8f08c97a107963af476416636edd8e92e807bbc1684d6769f958,64839
250220-121029,029,250220-121029_a029_data.csv,./data_in/1_experiment_csvs/250220-121029_a029_data.csv;./data_in/0_raw_exp_dirs_from_RPi/250219-215420_a029/250220-121029_a029_data.csv,2,1048c6080d11b9c3e7a3fb813d7c96d04fb377d34b89fa17f7ee619091a5a2ab,24667
250221-174225,029,250221-174225_a029_data.csv,./data_in/1_experiment_csvs/250221-174225_a029_data.csv;./data_in/0_raw_exp_dirs_from_RPi/250220-121256_a029/250221-174225_a029_data.csv,2,207d651b7545cc2c1db0f150f0b56d2abc52b8cc6999a2eb0c4e0387a1b9784b,42858
250221-192408,029,250221-192408_a029_data.csv,./data_in/1_experiment_csvs/250221-192408_a029_data.csv;./data_in/0_raw_exp_dirs_from_RPi/250221-174531_a029/250221-192408_a029_data.csv,2,0e984051452a24d7e023216a9ff625b751d3c482962c6d51ac785ffc906aa7c9,24931
250222-190353,029,250222-190353_a029_data.csv,./data_in/1_experiment_csvs/250222-190353_a029_data.csv;./data_in/0_raw_exp_dirs_from_RPi/250221-192657_a029/250222-190353_a029_data.csv,2,c538be64a0a0da248b7cc0cd5da658b10156652749ea1b3792ecd9c9ee6e592e,32560
250223-192945,029,250223-192945_a029_data.csv,./data_in/1_experiment_csvs/250223-192945_a029_data.csv;./data_in/0_raw_exp_dirs_from_RPi/250222-190849_a029/250223-192945_a029_data.csv,2,ea402c1b3c670a31ea3d8e7a74863d5ad296fe37d08a162e6f9a9ddf3a5208a8,39888
250223-231918,029,250223-231918_a029_data.csv,./data_in/1_experiment_csvs/250223-231918_a029_data.csv;./data_in/0_raw_exp_dirs_from_RPi/250223-193341_a029/250223-231918_a029_data.csv,2,c8823d4999f6a82e0ef89870d0cdd1224fa86a9b7cc7a2f02db2407d48315515,13472
250224-225815,029,250224-225815_a029_data.csv,./data_in/1_experiment_csvs/250224-225815_a029_data.csv;./data_in/0_raw_exp_dirs_from_RPi/250223-234045_a029/250224-225815_a029_data.csv,2,0ba6335f78ca16d7e8ad11519fbf3a3aa7ed7e242e7d50b6183119c71521a890,59867
250225-195443,029,250225-195443_a029_data.csv,./data_in/1_experiment_csvs/250225-195443_a029_data.csv;./data_in/0_raw_exp_dirs_from_RPi/250224-225928_a029/250225-195443_a029_data.csv,2,6df246b942c2e985d1b2b2bbc9aa9a4438b6790001ac7bce030ce44dbd5734aa,58503
250226-201407,029,250226-201407_a029_data.csv,./data_in/1_experiment_csvs/250226-201407_a029_data.csv;./data_in/0_raw_exp_dirs_from_RPi/250225-203146_a029/250226-201407_a029_data.csv,2,bd410b07384623eefa668cb0fc22672cd7eb7a35414334a53e87a55f6dbc30ef,55779
250227-155403,029,250227-155403_a029_data.csv,./data_in/1_experiment_csvs/250227-155403_a029_data.csv;./data_in/0_raw_exp_dirs_from_RPi/250226-201604_a029/250227-155403_a029_data.csv,2,15cfbe83b635df07fa37a225ba28f29c9d0cc455238f7b05481964b2601291f4,49668
250227-162304,029,250227-162304_a029_data.csv,./data_in/1_experiment_csvs/250227-162304_a029_data.csv;./data_in/0_raw_exp_dirs_from_RPi/250227-160617_a029/250227-162304_a029_data.csv,2,6b08c4fb300091664294f062dda6d010691d9b1f0183712089e60f73383fc7e3,8988
250228-013606,029,250228-013606_a029_data.csv,./data_in/1_experiment_csvs/250228-013606_a029_data.csv;./data_in/0_raw_exp_dirs_from_RPi/250227-175300_a029/250228-013606_a029_data.csv,2,b6db965a1126ab8037afc3a1b89393de46643e0320849c444b9ca0ea97a73294,19340
250228-015930,029,250228-015930_a029_data.csv,./data_in/0_raw_exp_dirs_from_RPi/250228-014700_a029-wrongMaze/250228-015930_a029_data.csv,1,cb88daaeb71bee0012062f27204e44d0f82543f5e9a07bd606a5923575e8bcfe,6726
250301-175949,029,250301-175949_a029_data.csv,./data_in/1_experiment_csvs/250301-175949_a029_data.csv;./data_in/0_raw_exp_dirs_from_RPi/250228-020101_a029/250301-175949_a029_data.csv,2,e1b2632cc9ae8ca9eb4da8b1cd0daacf0424626027e8ea68b728cfdbf802f33a,63990
250302-193449,029,250302-193449_a029_data.csv,./data_in/1_experiment_csvs/250302-193449_a029_data.csv;./data_in/0_raw_exp_dirs_from_RPi/250301-180211_a029/250302-193449_a029_data.csv,2,46cf04cc3c3d162ecf42382daddbe42d017cfeb2cc674dd58ad4a46c45a7553e,43696
250302-214043,029,250302-214043_a029_data.csv,./data_in/1_experiment_csvs/250302-214043_a029_data.csv;./data_in/0_raw_exp_dirs_from_RPi/250302-194314_a029/250302-214043_a029_data.csv,2,58205e5976e6ba83250299f75a2f4574f0362a2a4564804586e12fb59a675454,32154
250302-221227,029,250302-221227_a029_data.csv,./data_in/1_experiment_csvs/250302-221227_a029_data.csv;./data_in/0_raw_exp_dirs_from_RPi/250302-214102_a029/250302-221227_a029_data.csv,2,6005cfbab0d2527a0a66be1d935dbc4a70ae596b63faa55b8876c30715a2f91a,8964
250305-171557,030,250305-171557_a030_data.csv,./data_in/1_experiment_csvs/250305-171557_a030_data.csv;./data_in/0_raw_exp_dirs_from_RPi/250305-030004_a030/250305-171557_a030_data.csv,2,277b5db1d9241fb9c11de60e1eb5fbbbfaba6f705339a9e77662e1da9c2e6540,10429
250305-193802,030,250305-193802_a030_data.csv,./data_in/1_experiment_csvs/250305-193802_a030_data.csv;./data_in/0_raw_exp_dirs_from_RPi/250305-171624_a030/250305-193802_a030_data.csv,2,d3dd85d2063ece1afae01f4822e9c01695b123bee8ad54c815a2e34905598657,8858
250306-144143,030,250306-144143_a030_data.csv,./data_in/1_experiment_csvs/250306-144143_a030_data.csv;./data_in/0_raw_exp_dirs_from_RPi/250305-193821_a030/250306-144143_a030_data.csv,2,0563e5837bb0dcb59e083f4c782f4681526cbb01047fc5afd08908fdec9073a3,21258
250306-164357,030,250306-164357_a030_data.csv,./data_in/1_experiment_csvs/250306-164357_a030_data.csv;./data_in/0_raw_exp_dirs_from_RPi/250306-145313_a030/250306-164357_a030_data.csv,2,2f5403090209478e496d0fe8c7c19a45c0887279a4717da6de92f16a2a6d6dde,17447
250307-153155,030,250307-153155_a030_data.csv,./data_in/1_experiment_csvs/250307-153155_a030_data.csv;./data_in/0_raw_exp_dirs_from_RPi/250306-164415_a030/250307-153155_a030_data.csv,2,d620d0156161874e53464cd6d9ebc488e704c4a825568e2899b3538b9d00eec0,118316
250308-151501,030,250308-151501_a030_data.csv,./data_in/1_experiment_csvs/250308-151501_a030_data.csv;./data_in/0_raw_exp_dirs_from_RPi/250307-154133_a030/250308-151501_a030_data.csv,2,658be4943f5d5b87508d362545497bdb4175c7c12afecaa1d028f5aec0f6a60f,88397
250308-172531,030,250308-172531_a030_data.csv,./data_in/1_experiment_csvs/250308-172531_a030_data.csv;./data_in/0_raw_exp_dirs_from_RPi/250308-152310_a030/250308-172531_a030_data.csv,2,ccb63ff5ce12254986a6c8d7813fc4618b22ff2eb8cc1dc64a194e28c7bf1a0e,49972
250309-175714,030,250309-175714_a030_data.csv,./data_in/1_experiment_csvs/250309-175714_a030_data.csv;./data_in/0_raw_exp_dirs_from_RPi/250308-173325_a030/250309-175714_a030_data.csv,2,d552e92ac70a98c80208aca99c6673e709d8d2f9a05b33a469d9c483a84789ab,144315
250310-152155,030,250310-152155_a030_data.csv,./data_in/1_experiment_csvs/250310-152155_a030_data.csv;./data_in/0_raw_exp_dirs_from_RPi/250309-180128_a030/250310-152155_a030_data.csv,2,7d3d13303d772af11cd4d9a02a581d67242b60fb00fd6207ada3d7fee39da611,118706
250310-170629,030,250310-170629_a030_data.csv,./data_in/1_experiment_csvs/250310-170629_a030_data.csv;./data_in/0_raw_exp_dirs_from_RPi/250310-153229_a030/250310-170629_a030_data.csv,2,bc5249b8deee1b251a58b8b9d4a5011d347d5679089b1f703c877c0288984eb5,16254
250311-202106,030,250311-202106_a030_data.csv,./data_in/1_experiment_csvs/250311-202106_a030_data.csv;./data_in/0_raw_exp_dirs_from_RPi/250310-170751_a030/250311-202106_a030_data.csv,2,cb82cdad7257efc4b6601e9d6b139deb80716023ebf2701900493e96b76f0eb9,106804
250312-171944,030,250312-171944_a030_data.csv,./data_in/1_experiment_csvs/250312-171944_a030_data.csv;./data_in/0_raw_exp_dirs_from_RPi/250311-204841_a030/250312-171944_a030_data.csv,2,bf4765e6054a96d6c4623bfbb43d2e9f2dd870ddf9026df136faa46a8931ba2e,178629
250312-193044,030,250312-193044_a030_data.csv,./data_in/1_experiment_csvs/250312-193044_a030_data.csv;./data_in/0_raw_exp_dirs_from_RPi/250312-173408_a030/250312-193044_a030_data.csv,2,019198643b8e6ea9008b1d0243c35c700017acc643e36816a9b9e670e44919c2,21800
250313-124959,030,250313-124959_a030_data.csv,./data_in/1_experiment_csvs/250313-124959_a030_data.csv;./data_in/0_raw_exp_dirs_from_RPi/250312-193815_a030/250313-124959_a030_data.csv,2,bef9d21566db454a4b498cb7ddb0db4f6b0b09784dd8f6b6dbedada65f04d479,76938
250313-131710,030,250313-131710_a030_data.csv,./data_in/1_experiment_csvs/250313-131710_a030_data.csv;./data_in/0_raw_exp_dirs_from_RPi/250313-130329_a030/250313-131710_a030_data.csv,2,c46da55a5da516821619bd8b2143ab057fa1f2e3f7638e66e5a6a8efc0ff0ba7,7113
250313-175923,030,250313-175923_a030_data.csv,./data_in/1_experiment_csvs/250313-175923_a030_data.csv;./data_in/0_raw_exp_dirs_from_RPi/250313-131746_a030/250313-175923_a030_data.csv,2,ace03fe02f7656cc9fa3d73cd012f77ecec96fa0e745fc3f24e31d5f0cac976a,59267
250314-134724,030,250314-134724_a030_data.csv,./data_in/1_experiment_csvs/250314-134724_a030_data.csv;./data_in/0_raw_exp_dirs_from_RPi/250313-181005_a030/250314-134724_a030_data.csv,2,a680c88d3a889ce1baefc6cf6898e499ef8fd1afa4a32eb4eb5844774997add6,61855
250316-161809,030,250316-161809_a030_data.csv,./data_in/1_experiment_csvs/250316-161809_a030_data.csv;./data_in/0_raw_exp_dirs_from_RPi/250314-140315_a030/250316-161809_a030_data.csv,2,99fbc4b89f57ef5e63277b001d2ca47040cf9771bbfaca55f38118d8ab042dc3,145790
250316-162420,030,250316-162420_a030_data.csv,./data_in/0_raw_exp_dirs_from_RPi/250316-161853_a030/250316-162420_a030_data.csv,1,fcb333c22e4617c1fc748eb5e12d1d452e0db3ba5e41614d7a8f0f9c616659d4,2611
250318-140617,030,250318-140617_a030_data.csv,./data_in/1_experiment_csvs/250318-140617_a030_data.csv;./data_in/0_raw_exp_dirs_from_RPi/250316-162531_a030/250318-140617_a030_data.csv,2,8609224e35fabb602285bc8d8967fbf36af54dddcf2cbc8709f34797fb2024b5,174331
250319-172702,030,250319-172702_a030_data.csv,./data_in/1_experiment_csvs/250319-172702_a030_data.csv;./data_in/0_raw_exp_dirs_from_RPi/250318-140735_a030/250319-172702_a030_data.csv,2,fb8304e9afe82e0495db0fffc7e9b32512cf3f158da11a5acad0076bdafb6b7d,140654
250320-160819,030,250320-160819_a030_data.csv,./data_in/1_experiment_csvs/250320-160819_a030_data.csv;./data_in/0_raw_exp_dirs_from_RPi/250319-172952_a030/250320-160819_a030_data.csv,2,51d8d09133f545ebbe8f788054c2dd82995eab280dd3dafda00a8bf1aedd3192,88537
250323-145015,030,250323-145015_a030_data.csv,./data_in/1_experiment_csvs/250323-145015_a030_data.csv;./data_in/0_raw_exp_dirs_from_RPi/250320-161240_a030/250323-145015_a030_data.csv,2,021cc7e8e1096c0283d9e3b8abb75f34183d1e36e7e1b0a259dbec4a7e4a4744,359409
251104-230415,033,251104-230415_a033_data.csv,./data_in/1_experiment_csvs/251104-230415_a033_data.csv;./data_in/0_raw_exp_dirs_from_RPi/251104-114028_a033/251104-230415_a033_data.csv,2,c58b5609b2be16a3066d745679cb3e365b4dd8ffd87f057605dfb91c76dd9548,23880
251105-230500,033,251105-230500_a033_data.csv,./data_in/1_experiment_csvs/251105-230500_a033_data.csv;./data_in/0_raw_exp_dirs_from_RPi/251105-110641_a033/251105-230500_a033_data.csv,2,cbf4f6150337e90057c9bf17155bdbe1f421a37c8d1f5dd9d36cdc0fad22d9cf,42078
251106-230142,033,251106-230142_a033_data.csv,./data_in/1_experiment_csvs/251106-230142_a033_data.csv;./data_in/0_raw_exp_dirs_from_RPi/251106-111212_a033/251106-230142_a033_data.csv,2,3e87c83cc774d1a5515c488f8aa5e9d36fdefa2e37851da7ff6b03389fc9bd82,77245
251107-230429,033,251107-230429_a033_data.csv,./data_in/1_experiment_csvs/251107-230429_a033_data.csv;./data_in/0_raw_exp_dirs_from_RPi/251107-115611_a033/251107-230429_a033_data.csv,2,2d3beb7948055aaff6f141336b716dc651e1a00a607201e9ef6fff20d38b04b8,39197
251108-230846,033,251108-230846_a033_data.csv,./data_in/1_experiment_csvs/251108-230846_a033_data.csv;./data_in/0_raw_exp_dirs_from_RPi/251108-112409_a033/251108-230846_a033_data.csv,2,1f99ff4333026332d41083893db02f06d9f807f35a39a38ec8bff15561724466,35999
251109-230458,033,251109-230458_a033_data.csv,./data_in/1_experiment_csvs/251109-230458_a033_data.csv;./data_in/0_raw_exp_dirs_from_RPi/251109-111009_a033/251109-230458_a033_data.csv,2,b50c4da343e7778bc6de08227b0fa1c4099772d5136bdb7bfc62c365d9c2b9cb,12972
251110-231922,033,251110-231922_a033_data.csv,./data_in/1_experiment_csvs/251110-231922_a033_data.csv;./data_in/0_raw_exp_dirs_from_RPi/251110-111644_a033/251110-231922_a033_data.csv,2,d7f42deccfd7458d5e03f1ac320eba9bc3f2a3c878cf472c87b4bd4b914ae5e9,6498
251111-225736,033,251111-225736_a033_data.csv,./data_in/1_experiment_csvs/251111-225736_a033_data.csv;./data_in/0_raw_exp_dirs_from_RPi/251111-112408_a033/251111-225736_a033_data.csv,2,df46f5bed0a01cef9ec6993166bea7561e74105b89b3f4708d5c6f15d7fe95aa,17404
251112-225928,033,251112-225928_a033_data.csv,./data_in/1_experiment_csvs/251112-225928_a033_data.csv;./data_in/0_raw_exp_dirs_from_RPi/251112-110628_a033/251112-225928_a033_data.csv,2,3c21ba812a574d2027c2905b1682de6f908384f5eee937708de419335082689e,23332
251113-230441,033,251113-230441_a033_data.csv,./data_in/1_experiment_csvs/251113-230441_a033_data.csv;./data_in/0_raw_exp_dirs_from_RPi/251113-111755_a033/251113-230441_a033_data.csv,2,438f227c046a398e20fe0074ffcfa87cb83452cafe523c63776ac0cbca6d7c6e,18007
251115-180903,033,251115-180903_a033_data.csv,./data_in/1_experiment_csvs/251115-180903_a033_data.csv;./data_in/0_raw_exp_dirs_from_RPi/251114-181143_a033/251115-180903_a033_data.csv,2,8cf76510dfee57c1c5cf2b02f866d5ac7f9dd716ee2718b76054cdc63442a837,24924
251116-180749,033,251116-180749_a033_data.csv,./data_in/1_experiment_csvs/251116-180749_a033_data.csv;./data_in/0_raw_exp_dirs_from_RPi/251115-182902_a033/251116-180749_a033_data.csv,2,f089f90c8f3b3b7b44e0a07c8484623f4b9c0be311cd1c6e89b79b9280da6da7,23260
251119-171644,031,251119-171644_a031_data.csv,./data_in/1_experiment_csvs/251119-171644_a031_data.csv;./data_in/0_raw_exp_dirs_from_RPi/251118-161845_a031/251119-171644_a031_data.csv,2,e6aeafb35bee1da87a1191ed4893e87b7f14c0504c0f4cc7f6c576050fb85a70,142184
251120-132717,031,251120-132717_a031_data.csv,./data_in/1_experiment_csvs/251120-132717_a031_data.csv;./data_in/0_raw_exp_dirs_from_RPi/251119-180947_a031/251120-132717_a031_data.csv,2,2b49dbd152ab1449e8feea03433285dac120a4c1920c8f69c949a53ed7a676b2,82720
251121-141557,031,251121-141557_a031_data.csv,./data_in/1_experiment_csvs/251121-141557_a031_data.csv;./data_in/0_raw_exp_dirs_from_RPi/251120-165556_a031/251121-141557_a031_data.csv,2,708f2e51cf48840a4af321986a67193a25b9fb0bbe8a476c161f0ae532282056,56995
251122-140850,031,251122-140850_a031_data.csv,./data_in/1_experiment_csvs/251122-140850_a031_data.csv;./data_in/0_raw_exp_dirs_from_RPi/251121-145119_a031/251122-140850_a031_data.csv,2,76f5ba31e0c8a478c6f2611281514400ca4252e184282ea52aeaf3b90ee01a38,42777
251123-125720,031,251123-125720_a031_data.csv,./data_in/1_experiment_csvs/251123-125720_a031_data.csv;./data_in/0_raw_exp_dirs_from_RPi/251122-141151_a031/251123-125720_a031_data.csv,2,f54d8bfe455af2db825b5b7f1f9446acb9d001938fb97f1dc0f05bd88f4aed00,60155
251124-164313,031,251124-164313_a031_data.csv,./data_in/1_experiment_csvs/251124-164313_a031_data.csv;./data_in/0_raw_exp_dirs_from_RPi/251123-134410_a031/251124-164313_a031_data.csv,2,31a142be53e51b613e766b21f9a4d2a09e736184acd36877c5fc7b413e6a3f72,91375
251125-162636,031,251125-162636_a031_data.csv,./data_in/1_experiment_csvs/251125-162636_a031_data.csv;./data_in/0_raw_exp_dirs_from_RPi/251124-175424_a031/251125-162636_a031_data.csv,2,3ebea57fdac08f03b4616b8c786abd625398b3b3e29b74c8b2f77ed272323d56,93901
251126-135239,031,251126-135239_a031_data.csv,./data_in/1_experiment_csvs/251126-135239_a031_data.csv;./data_in/0_raw_exp_dirs_from_RPi/251125-164347_a031/251126-135239_a031_data.csv,2,0d1828b29cb72b647085bd331f40dbfd6c70e785918e312221b9c98550ffca10,88234
251127-113857,031,251127-113857_a031_data.csv,./data_in/1_experiment_csvs/251127-113857_a031_data.csv;./data_in/0_raw_exp_dirs_from_RPi/251126-143043_a031/251127-113857_a031_data.csv,2,dedf6ad64e57dc27d065c12e588c1bd3f52128c67b3a355ed122de5f930b57fc,37133
251128-125956,031,251128-125956_a031_data.csv,./data_in/1_experiment_csvs/251128-125956_a031_data.csv;./data_in/0_raw_exp_dirs_from_RPi/251127-124948_a031/251128-125956_a031_data.csv,2,1d6a2e5abaf3e2c289798cf89977defed688307be73ba6d237bcbdec1800f95c,74272
251129-155326,031,251129-155326_a031_data.csv,./data_in/1_experiment_csvs/251129-155326_a031_data.csv;./data_in/0_raw_exp_dirs_from_RPi/251128-133918_a031/251129-155326_a031_data.csv,2,eede8961c50185084d62807d7a5ce27c1843ed0bfad0a24f4ab109951ad929e5,122651
251130-134624,031,251130-134624_a031_data.csv,./data_in/1_experiment_csvs/251130-134624_a031_data.csv;./data_in/0_raw_exp_dirs_from_RPi/251129-162423_a031/251130-134624_a031_data.csv,2,8cc488b51babf768540046128721b14577ba8b75c2091010c172a46f701994d1,75935
251130-232218,031,251130-232218_a031_data.csv,./data_in/1_experiment_csvs/251130-232218_a031_data.csv;./data_in/0_raw_exp_dirs_from_RPi/251130-140653_a031/251130-232218_a031_data.csv,2,1b719f5e2426a8aab09d2022c1b19d251eb4146f194c4168c0cfa4f1f95c13e0,65548
251220-165800,031,251220-165800_a031_data.csv,./data_in/1_experiment_csvs/251220-165800_a031_data.csv;./data_in/0_raw_exp_dirs_from_RPi/251219-193746_a031/251220-165800_a031_data.csv,2,2bb8063abdf3a51caee7bd01149e924238253cbae8520005ed93cec5d47a057b,194200
251221-193410,031,251221-193410_a031_data.csv,./data_in/1_experiment_csvs/251221-193410_a031_data.csv;./data_in/0_raw_exp_dirs_from_RPi/251220-173516_a031/251221-193410_a031_data.csv,2,5422bf02567c3409cf182e9ca0dbdca9fbb5db6214bc169c2d16cdd9c1618f22,148757
251222-194856,031,251222-194856_a031_data.csv,./data_in/1_experiment_csvs/251222-194856_a031_data.csv;./data_in/0_raw_exp_dirs_from_RPi/251221-194727_a031/251222-194856_a031_data.csv,2,ca2cfc9906d2af29670c30bfbf4a31572d6b6ccfb9f684422c88d9f3a3725161,63615
251224-181729,031,251224-181729_a031_data.csv,./data_in/1_experiment_csvs/251224-181729_a031_data.csv;./data_in/0_raw_exp_dirs_from_RPi/251223-182723_a031/251224-181729_a031_data.csv,2,b9aba9d677a4a7fd15c4ab51eee65954a0c6826d1488f79548a01866304920ad,23904
251225-181630,031,251225-181630_a031_data.csv,./data_in/1_experiment_csvs/251225-181630_a031_data.csv;./data_in/0_raw_exp_dirs_from_RPi/251224-183654_a031/251225-181630_a031_data.csv,2,33771eb80134859c8f0cf8f45e3362e5977913ca6c8e720a52999dbd6a685b69,48009
251226-181307,031,251226-181307_a031_data.csv,./data_in/1_experiment_csvs/251226-181307_a031_data.csv;./data_in/0_raw_exp_dirs_from_RPi/251225-183852_a031/251226-181307_a031_data.csv,2,097c6ef02d23ecfce932684700c3e819d19f71da5d9b805898eedf0cc85a34c7,56117
251227-174332,031,251227-174332_a031_data.csv,./data_in/1_experiment_csvs/251227-174332_a031_data.csv;./data_in/0_raw_exp_dirs_from_RPi/251226-182656_a031/251227-174332_a031_data.csv,2,ca2527b3428d194b35d86629f0685af5b06a46d172dce75110bfab0e7879493f,72987
251228-174043,031,251228-174043_a031_data.csv,./data_in/1_experiment_csvs/251228-174043_a031_data.csv;./data_in/0_raw_exp_dirs_from_RPi/251227-193832_a031/251228-174043_a031_data.csv,2,738f989514a2d25c3e1e4c38508b23c2784bbbc39e8502e07e78840cd19ea337,50971
251229-180544,031,251229-180544_a031_data.csv,./data_in/1_experiment_csvs/251229-180544_a031_data.csv;./data_in/0_raw_exp_dirs_from_RPi/251228-175927_a031/251229-180544_a031_data.csv,2,ef5639bd4334e80fdce2460d203bb11ca66c74823aad549277619f2ea225cc9a,86777
251230-171810,031,251230-171810_a031_data.csv,./data_in/1_experiment_csvs/251230-171810_a031_data.csv;./data_in/0_raw_exp_dirs_from_RPi/251229-182123_a031/251230-171810_a031_data.csv,2,3b14ffcf2d47870e3926f20b6fb72036a2972d5ec8c432ff02b1661c85d22d08,43636
251231-172527,031,251231-172527_a031_data.csv,./data_in/1_experiment_csvs/251231-172527_a031_data.csv;./data_in/0_raw_exp_dirs_from_RPi/251230-171836_a031/251231-172527_a031_data.csv,2,c440313644f827ae7396d676aee809531cf07e1c2a5bc7c74a484070f2e7bfe5,28461
260115-151117,033,260115-151117_a033_data.csv,./data_in/1_experiment_csvs/260115-151117_a033_data.csv;./data_in/0_raw_exp_dirs_from_RPi/260114-135022_a033/260115-151117_a033_data.csv,2,4c6ceca0b67260a332512a6384d5f1121a11e6c01da30475c9d3d4d2f1175aaa,3322
260116-175247,033,260116-175247_a033_data.csv,./data_in/1_experiment_csvs/260116-175247_a033_data.csv;./data_in/0_raw_exp_dirs_from_RPi/260115-151913_a033/260116-175247_a033_data.csv,2,44498a919eb023a804590db40d5ecfb3db233978bd3ffaae3d3b4a74a000d6fe,45517
260117-175942,033,260117-175942_a033_data.csv,./data_in/1_experiment_csvs/260117-175942_a033_data.csv;./data_in/0_raw_exp_dirs_from_RPi/260116-180658_a033/260117-175942_a033_data.csv,2,80fe68a4c03bed93104d2d98cb12ed5190ffe3362e53469165052e5dc4c1b9e6,37480
260119-172108,033,260119-172108_a033_data.csv,./data_in/1_experiment_csvs/260119-172108_a033_data.csv;./data_in/0_raw_exp_dirs_from_RPi/260117-180400_a033/260119-172108_a033_data.csv,2,2d1983fa8fdd5ea1959b772dc91b2797c8edb8982ec2e462297475076f540cc2,52276
260121-174047,033,260121-174047_a033_data.csv,./data_in/1_experiment_csvs/260121-174047_a033_data.csv;./data_in/0_raw_exp_dirs_from_RPi/260119-173714_a033/260121-174047_a033_data.csv,2,3566ac9c9972b70fc291eb0997a2afc723553005eb80e59c86cd333d40bb1034,42256
260122-174904,033,260122-174904_a033_data.csv,./data_in/1_experiment_csvs/260122-174904_a033_data.csv;./data_in/0_raw_exp_dirs_from_RPi/260121-175342_a033/260122-174904_a033_data.csv,2,9139c31e781e6617b0d0bd9080b695d856e8d85f8c890734300748c69d921955,4931
260123-141609,033,260123-141609_a033_data.csv,./data_in/1_experiment_csvs/260123-141609_a033_data.csv;./data_in/0_raw_exp_dirs_from_RPi/260122-175137_a033/260123-141609_a033_data.csv,2,67178477987841b21d6587ed598d821f5423dedd9ecc6328a332f91392122679,27628
260124-225237,033,260124-225237_a033_data.csv,./data_in/1_experiment_csvs/260124-225237_a033_data.csv;./data_in/0_raw_exp_dirs_from_RPi/260123-141625_a033/260124-225237_a033_data.csv,2,0a9566aaaba55ddc27db7d3007b99628efd25f412fb0d4a36fa0cf1aa73fb80d,73755
260202-200110,033,260202-200110_a033_data.csv,./data_in/1_experiment_csvs/260202-200110_a033_data.csv;./data_in/0_raw_exp_dirs_from_RPi/260201-212331_a033/260202-200110_a033_data.csv,2,a1bc381840da9c7d501d2b6528c4ee3d05f3a0f2d50b25c7783eb92f8adbbe6d,75994
260203-170503,033,260203-170503_a033_data.csv,./data_in/1_experiment_csvs/260203-170503_a033_data.csv;./data_in/0_raw_exp_dirs_from_RPi/260202-202543_a033/260203-170503_a033_data.csv,2,a3d81e84a6e95e80f2a2db90d18d24c33cfa0986b798f48fe91cd2e411c9b80a,59334
260204-193248,033,260204-193248_a033_data.csv,./data_in/1_experiment_csvs/260204-193248_a033_data.csv;./data_in/0_raw_exp_dirs_from_RPi/260203-171228_a033/260204-193248_a033_data.csv,2,f9fd802467972cc999f0aac2802c471725c1e0b638140e058dbedb24ebc2e569,73778
260205-190840,033,260205-190840_a033_data.csv,./data_in/1_experiment_csvs/260205-190840_a033_data.csv;./data_in/0_raw_exp_dirs_from_RPi/260204-193925_a033/260205-190840_a033_data.csv,2,b2c3495ca033c8cece87933e52a4d9851b173cb05955622ce7ab9d335c930caf,42485
260206-120810,033,260206-120810_a033_data.csv,./data_in/1_experiment_csvs/260206-120810_a033_data.csv;./data_in/0_raw_exp_dirs_from_RPi/260205-191855_a033/260206-120810_a033_data.csv,2,6b9d7a127601ecde9cba404ad9c25d83d3d5699effb47db8853c39fe3efdc6df,37103
260208-144059,033,260208-144059_a033_data.csv,./data_in/1_experiment_csvs/260208-144059_a033_data.csv;./data_in/0_raw_exp_dirs_from_RPi/260206-144834_a033/260208-144059_a033_data.csv,2,fd977943337b5c585f99e8153971455ba06660609f4785b2d5748b7d6fdb485b,135801
260209-142750,033,260209-142750_a033_data.csv,./data_in/1_experiment_csvs/260209-142750_a033_data.csv;./data_in/0_raw_exp_dirs_from_RPi/260208-145358_a033/260209-142750_a033_data.csv,2,1e301f8d78834f210284756b7f15b1d7ab8ffc40c3f70f03af142f6de445374b,61492
260210-142342,033,260210-142342_a033_data.csv,./data_in/1_experiment_csvs/260210-142342_a033_data.csv;./data_in/0_raw_exp_dirs_from_RPi/260209-143612_a033/260210-142342_a033_data.csv,2,e1a44aff1a0e43e769fbe11b48cd8cbf7be8137399c0dcf133cd68bfa7d82794,64574
260211-143106,033,260211-143106_a033_data.csv,./data_in/1_experiment_csvs/260211-143106_a033_data.csv;./data_in/0_raw_exp_dirs_from_RPi/260210-142932_a033/260211-143106_a033_data.csv,2,cdf668dbd8c857cac55c21618a57d3b653800c426849a644f16099b083797572,69244
260213-001126,033,260213-001126_a033_data.csv,./data_in/1_experiment_csvs/260213-001126_a033_data.csv;./data_in/0_raw_exp_dirs_from_RPi/260211-143636_a033/260213-001126_a033_data.csv,2,1a078272c933987819a2c3814c218ee3183a028fdfb5b10ac1072f6c284559fd,74714
260213-152635,033,260213-152635_a033_data.csv,./data_in/1_experiment_csvs/260213-152635_a033_data.csv;./data_in/0_raw_exp_dirs_from_RPi/260213-001923_a033/260213-152635_a033_data.csv,2,7aa57f72a8f6e04ce4267c39d8e24b7662d1eebcd7f4b352d227fa2085c92e7d,65949
260214-235736,033,260214-235736_a033_data.csv,./data_in/1_experiment_csvs/260214-235736_a033_data.csv;./data_in/0_raw_exp_dirs_from_RPi/260213-223917_a033/260214-235736_a033_data.csv,2,65d6b89e41c6876e2f6a85b3528be023de3a46beda9491e35e116a0e4e7219a3,67228
260217-191927,033,260217-191927_a033_data.csv,./data_in/1_experiment_csvs/260217-191927_a033_data.csv;./data_in/0_raw_exp_dirs_from_RPi/260216-230300_a033/260217-191927_a033_data.csv,2,d80780e53878c143fcb16afd3bc72f98acfea15b31d1f9748a9e71cd691cc362,68907
260218-175221,033,260218-175221_a033_data.csv,./data_in/1_experiment_csvs/260218-175221_a033_data.csv;./data_in/0_raw_exp_dirs_from_RPi/260217-193501_a033/260218-175221_a033_data.csv,2,69fbe06f002af430c2cd5a322ba1034879ae816aca59c980f9a9749bd77a5681,57898
260219-232856,033,260219-232856_a033_data.csv,./data_in/1_experiment_csvs/260219-232856_a033_data.csv;./data_in/0_raw_exp_dirs_from_RPi/260218-180723_a033/260219-232856_a033_data.csv,2,525ebd10f4dd868dbb04372670c0b4a2e40d7637da9f9bef85346b05294dde84,71996
260219-233617,033,260219-233617_a033_data.csv,./data_in/1_experiment_csvs/260219-233617_a033_data.csv;./data_in/0_raw_exp_dirs_from_RPi/260219-233238_a033/260219-233617_a033_data.csv,2,2e80766051381bbd2d3e8819546f5461cbe33de01cdc254fe78f63e30b6e5536,2971
260220-182949,033,260220-182949_a033_data.csv,./data_in/1_experiment_csvs/260220-182949_a033_data.csv;./data_in/0_raw_exp_dirs_from_RPi/260219-233757_a033/260220-182949_a033_data.csv,2,15eefb62832419c6cc5a1cb3d18e45f11b434093de1cb692c0768199146825a7,46227
260221-190135,033,260221-190135_a033_data.csv,./data_in/1_experiment_csvs/260221-190135_a033_data.csv;./data_in/0_raw_exp_dirs_from_RPi/260220-185055_a033/260221-190135_a033_data.csv,2,10ec77bb63189b253b5d45458dadd7d6d84a52982a36584f1a6a70ceb50af8ec,63070
260222-190232,033,260222-190232_a033_data.csv,./data_in/0_raw_exp_dirs_from_RPi/260221-190352_a033/260222-190232_a033_data.csv,1,abfb654e6ac79afb635c03f6f9bd38fb0eaedc3fc601208f421f4a4335ae8452,31738
260223-191200,033,260223-191200_a033_data.csv,./data_in/1_experiment_csvs/260223-191200_a033_data.csv;./data_in/0_raw_exp_dirs_from_RPi/260222-190726_a033/260223-191200_a033_data.csv,2,599a63f385d601c1badb03794263f4d3850d6da4578c2a39efd264aa91e24ffe,38308
260224-175523,033,260224-175523_a033_data.csv,./data_in/1_experiment_csvs/260224-175523_a033_data.csv;./data_in/0_raw_exp_dirs_from_RPi/260223-191545_a033/260224-175523_a033_data.csv,2,e3ec2461a6cfab79228f069d8d4ec4147fd71fe03eb2ff1ee47eda31033cb70b,32706
260225-181220,033,260225-181220_a033_data.csv,./data_in/0_raw_exp_dirs_from_RPi/260224-180527_a033/260225-181220_a033_data.csv,1,5f2942058efe2d9978c6bc3dab1bb4b8e0bc136cb3febde58f2b712fdf0e11f4,51203
260226-220136,033,260226-220136_a033_data.csv,./data_in/0_raw_exp_dirs_from_RPi/260225-181422_a033/260226-220136_a033_data.csv,1,f7806f705b339d1bf655cbfa8e4c11245bc58467dab2f4ff28945a00c5df3e3f,57430
260227-193704,033,260227-193704_a033_data.csv,./data_in/0_raw_exp_dirs_from_RPi/260226-220706_a033/260227-193704_a033_data.csv,1,a3a051c53992c63bdc571d83b7ec7d5d862f28c8d7510cab91785818e9ed6220,47761
260228-233033,033,260228-233033_a033_data.csv,./data_in/0_raw_exp_dirs_from_RPi/260227-201724_a033/260228-233033_a033_data.csv,1,7297ce7019ae2021709262eb6c10b859d5ee4c4e6bfc9ae96aec3d7a70904eba,62122
260301-192558,033,260301-192558_a033_data.csv,./data_in/0_raw_exp_dirs_from_RPi/260228-233328_a033/260301-192558_a033_data.csv,1,64fb0b8b79441a5574ea88c9bc0015f87d82c886085b97bcd33902cd9801224d,58014
260302-190533,033,260302-190533_a033_data.csv,./data_in/0_raw_exp_dirs_from_RPi/260301-193449_a033/260302-190533_a033_data.csv,1,2af1e8b91458258df3c0dace05440946f426f6a4e46cc705b7516c3db40b917a,69397
260303-144908,033,260303-144908_a033_data.csv,./data_in/0_raw_exp_dirs_from_RPi/260302-191426_a033/260303-144908_a033_data.csv,1,601d0be42ae4dc5f6d01f12c0ef782cdadc16d075e38d6d29732504025183b68,54164
260304-213226,033,260304-213226_a033_data.csv,./data_in/0_raw_exp_dirs_from_RPi/260303-145408_a033/260304-213226_a033_data.csv,1,040cc74116b0875db9cb95159e71d7f8a2e2c7a872111711192e90cae985dfea,88779
260305-223517,033,260305-223517_a033_data.csv,./data_in/0_raw_exp_dirs_from_RPi/260304-214043_a033/260305-223517_a033_data.csv,1,5cbe1d93880157a4e7e4447572361059620dcdfe284b4263f5c599e260cee616,78209
260306-162337,033,260306-162337_a033_data.csv,./data_in/0_raw_exp_dirs_from_RPi/260305-224023_a033/260306-162337_a033_data.csv,1,52bfd8701a75aa231661fcc53f234e09235f4a73636e681ff5f50a3f309ecd51,69831
260307-234217,033,260307-234217_a033_data.csv,./data_in/0_raw_exp_dirs_from_RPi/260306-215742_a033/260307-234217_a033_data.csv,1,fc72087a805f8bea3ae27c741e8b5863d669ca43fd0dc122105c8ee39c7b26f1,84115
260308-232852,033,260308-232852_a033_data.csv,./data_in/0_raw_exp_dirs_from_RPi/260307-234855_a033/260308-232852_a033_data.csv,1,4c15cfb556717568b01decab8f117858ce3ff1259f0485e7da2455ba0a605e86,68512
260309-203831,033,260309-203831_a033_data.csv,./data_in/0_raw_exp_dirs_from_RPi/260308-233749_a033/260309-203831_a033_data.csv,1,79c0ffcb3ce47675962d74d4b8112d35efdc446c87d46f03b57bb2df07743386,78494
260310-223953,033,260310-223953_a033_data.csv,./data_in/0_raw_exp_dirs_from_RPi/260309-204625_a033/260310-223953_a033_data.csv,1,364cba7c30281ecad39dafb8d171759feb5960f6bf1e247874f1bb0e72438a03,93378
260310-235124,033,260310-235124_a033_data.csv,./data_in/0_raw_exp_dirs_from_RPi/260310-234607_a033/260310-235124_a033_data.csv,1,c36e606482e1719313f162a715b3ff134e1e258a4526d72c1e2daed54904d412,3787
260312-233449,033,260312-233449_a033_data.csv,./data_in/0_raw_exp_dirs_from_RPi/260311-235531_a033/260312-233449_a033_data.csv,1,a063a2078d01afca757b38324dacc4580c39859ba6301db73b6fd69156011dac,42396
260313-220822,033,260313-220822_a033_data.csv,./data_in/0_raw_exp_dirs_from_RPi/260312-234152_a033/260313-220822_a033_data.csv,1,0e5aba6c63d7b876980c50904e1e43d3d9a16930c5884b6f6aa9310c1d45bd1e,58567
260314-234250,999,260314-234250_a999_data.csv,./data_in/0_raw_exp_dirs_from_RPi/260314-233634_a999/260314-234250_a999_data.csv,1,f35837dbf8ebc274efc63d598300bed875519e7fa5a2ee1d4f1d1ed777c952ef,3849
260315-235927,033,260315-235927_a033_data.csv,./data_in/0_raw_exp_dirs_from_RPi/260314-234628_a033/260315-235927_a033_data.csv,1,2bee3eb8294a47b9960bb5cf528928b31401740b81df403ce7908e3fc6c3af70,138807
260316-225821,033,260316-225821_a033_data.csv,./data_in/0_raw_exp_dirs_from_RPi/260316-000638_a033/260316-225821_a033_data.csv,1,8815b1ec3bd15f2b52cb6c826006c68395e0071888df4292aef05c24aeeb93d9,156036
260317-232413,033,260317-232413_a033_data.csv,./data_in/0_raw_exp_dirs_from_RPi/260316-230259_a033/260317-232413_a033_data.csv,1,c19dff9b16a069985d644b442bcf60b1a737912048642740294acf68507da94b,65053
260318-203407,033,260318-203407_a033_data.csv,./data_in/0_raw_exp_dirs_from_RPi/260317-234056_a033/260318-203407_a033_data.csv,1,0f0417652f47dbee091ac0915dcdabd8c374374feb95f723a8eaf66c36e1253a,46627
260320-001324,033,260320-001324_a033_data.csv,./data_in/0_raw_exp_dirs_from_RPi/260318-204155_a033/260320-001324_a033_data.csv,1,e38360f9c751a239538fd541c5d8b5a0be3fd2b3368d756a5cdb7db3097d2684,36911
260403-125115,044,260403-125115_a044_data.csv,./data_in/0_raw_exp_dirs_from_RPi/260402-165727_a044/260403-125115_a044_data.csv,1,3375edaae7aede42ba4357c0b6cab1a40f46e828afa231fede73872b6b79845b,7242
260404-144230,044,260404-144230_a044_data.csv,./data_in/0_raw_exp_dirs_from_RPi/260403-125124_a044/260404-144230_a044_data.csv,1,415d055dcba43f483f1a677d2f711e226227b944a287e7c708a43fc6df557736,3189
260406-155228,044,260406-155228_a044_data.csv,./data_in/0_raw_exp_dirs_from_RPi/260405-214916_a044/260406-155228_a044_data.csv,1,eb3700aa6e8ea2060e453bd52e97eb5d8e8450ccd7a2371938142f05952dac80,4126
260406-182158,044,260406-182158_a044_data.csv,./data_in/0_raw_exp_dirs_from_RPi/260406-162045_a044/260406-182158_a044_data.csv,1,fc42fb837fce5d17e6a55917647d4e26c7afb973c302f3f544b5f7960114695f,2689
260407-171625,044,260407-171625_a044_data.csv,./data_in/0_raw_exp_dirs_from_RPi/260406-193416_a044/260407-171625_a044_data.csv,1,c11815f6799d93dc9b27655d2cd388a60f9b6089c58ff3db286514fdb8d964e0,7722
260408-132635,044,260408-132635_a044_data.csv,./data_in/0_raw_exp_dirs_from_RPi/260407-171812_a044/260408-132635_a044_data.csv,1,9f685b855dd7fab453e364f74b5759e05d7563748ed238bdb115837d367526ce,6037
260408-133232,044,260408-133232_a044_data.csv,./data_in/0_raw_exp_dirs_from_RPi/260408-132643_a044/260408-133232_a044_data.csv,1,bcd4758a8f1373d8e80c54744431e6024750b6f492436720b08828f625cb004c,3624
260408-175649,044,260408-175649_a044_data.csv,./data_in/0_raw_exp_dirs_from_RPi/260408-150653_a044/260408-175649_a044_data.csv,1,0cd821a0228f915cc31ce7a7f5d66708230cbe476306f282a3f1d056ff767187,9544
260408-193530,044,260408-193530_a044_data.csv,./data_in/0_raw_exp_dirs_from_RPi/260408-175657_a044/260408-193530_a044_data.csv,1,68da2a34bf7a88a0c182243950d2a9ffd7d9b2848fe9d278210eff32509b2b7e,17322
260409-202339,044,260409-202339_a044_data.csv,./data_in/0_raw_exp_dirs_from_RPi/260408-222044_a044/260409-202339_a044_data.csv,1,5b4ae17783afb188334c920392fa6af191183f262904d2cc4e14a2685d60ab6d,46199
260410-174440,044,260410-174440_a044_data.csv,./data_in/0_raw_exp_dirs_from_RPi/260409-203034_a044/260410-174440_a044_data.csv,1,7c45a191b2b78705758825c33dea65708adb3d92e75f1890627b399fe9c770f6,39793
260411-175922,044,260411-175922_a044_data.csv,./data_in/0_raw_exp_dirs_from_RPi/260410-174758_a044/260411-175922_a044_data.csv,1,296a85d2aa8a716736006a6aa7c6ce99ccf25def482a7bf2440f6bfcca9679cb,75186
260412-172113,044,260412-172113_a044_data.csv,./data_in/0_raw_exp_dirs_from_RPi/260411-180701_a044/260412-172113_a044_data.csv,1,7fa624a45fea0dab9aec13179a317d75ffb8c3cabdce35796a3e34bbfeb42bfc,56209
260413-173215,044,260413-173215_a044_data.csv,./data_in/0_raw_exp_dirs_from_RPi/260412-175257_a044/260413-173215_a044_data.csv,1,5396245257b901a6d8c1e57178ddd84ef3223a214e8792e79e26da5bfe365d0b,80825
260414-171430,044,260414-171430_a044_data.csv,./data_in/0_raw_exp_dirs_from_RPi/260413-174854_a044/260414-171430_a044_data.csv,1,953ca0d23c9745545733a3b8b4d8c11899a0734654bf40df7d0238710968e625,58180
260415-213617,044,260415-213617_a044_data.csv,./data_in/0_raw_exp_dirs_from_RPi/260414-173529_a044/260415-213617_a044_data.csv,1,29fb0f18166dae5c0a5948cee1035cc56f7814ceee46ef4a174ca737701c217b,32302
260416-191046,044,260416-191046_a044_data.csv,./data_in/0_raw_exp_dirs_from_RPi/260415-213903_a044/260416-191046_a044_data.csv,1,7e533ca861bbfbabc051a280c8b49e05a20d22296577a09915987c45d7491f71,12831
260417-212500,044,260417-212500_a044_data.csv,./data_in/0_raw_exp_dirs_from_RPi/260416-191722_a044/260417-212500_a044_data.csv,1,5e02ea898db037e6d6ca1435a28bded0ae0a96be0f0a60357d9194d34b89fb35,25470
260418-220319,044,260418-220319_a044_data.csv,./data_in/0_raw_exp_dirs_from_RPi/260417-212943_a044/260418-220319_a044_data.csv,1,98267d75cb949c417feaff3d6220091016f950de2bfa61617e3a462e207f9f2a,38955
260419-221140,044,260419-221140_a044_data.csv,./data_in/0_raw_exp_dirs_from_RPi/260418-220634_a044/260419-221140_a044_data.csv,1,688be92817a65997b8bae3941abd29956448471b048771517ebbe341871aa261,26443
260420-193905,044,260420-193905_a044_data.csv,./data_in/0_raw_exp_dirs_from_RPi/260419-221955_a044/260420-193905_a044_data.csv,1,1661285be81c28ed2e6fc557f9a320fdb646e6bbe90281a44f8b3e8a3e633dfc,24169
260422-180418,044,260422-180418_a044_data.csv,./data_in/0_raw_exp_dirs_from_RPi/260421-233854_a044/260422-180418_a044_data.csv,1,4ffabd386e14a4a240e1b8e4f47766c4aca7e3bfd302fdfab9210f88884f7d27,19566
260423-182823,044,260423-182823_a044_data.csv,./data_in/0_raw_exp_dirs_from_RPi/260422-180900_a044/260423-182823_a044_data.csv,1,be9d84c2e5c03f56906ba7c060ead263eefa7dec78750fe4c615c966685859fb,26048
260424-165831,044,260424-165831_a044_data.csv,./data_in/0_raw_exp_dirs_from_RPi/260423-183127_a044/260424-165831_a044_data.csv,1,115fac54f6c2878bf4d601cf8ddee908f68f54254cdc96b0f5b5421237716b75,37777
260425-170923,044,260425-170923_a044_data.csv,./data_in/0_raw_exp_dirs_from_RPi/260424-170308_a044/260425-170923_a044_data.csv,1,7126e6e08865a9a145ed7e77d6b49c63c1762ad1a1141bf3452871fff7f45a42,41674
260426-225531,044,260426-225531_a044_data.csv,./data_in/0_raw_exp_dirs_from_RPi/260425-171142_a044/260426-225531_a044_data.csv,1,e2f99cabde2f6d82db6d530f75c1aa9c5e5f62b485f32afca84fea53868ada0a,74740
260427-233226,044,260427-233226_a044_data.csv,./data_in/0_raw_exp_dirs_from_RPi/260426-232859_a044/260427-233226_a044_data.csv,1,ad5976c0109532cb6c39506327db5fa8dfff47d188bf0c0cf3b50ee3da5994f1,64941
260428-171011,044,260428-171011_a044_data.csv,./data_in/0_raw_exp_dirs_from_RPi/260427-233640_a044/260428-171011_a044_data.csv,1,ee1b2a451ab0abc1dabfcda6b0f9b0edcb9af97f251a5e76da4020407d45cf4e,34897
260429-212309,044,260429-212309_a044_data.csv,./data_in/0_raw_exp_dirs_from_RPi/260428-171404_a044/260429-212309_a044_data.csv,1,c18ebb19a11cbec04a36a5c686854abf4842d175441cd5b1620823f99adfb0d1,66705
260430-221323,044,260430-221323_a044_data.csv,./data_in/0_raw_exp_dirs_from_RPi/260429-212652_a044/260430-221323_a044_data.csv,1,c42557e3cdfc6b49182bfc383d1ba574ca41c83624ef76daa16eff69f6826f44,33120
260501-184020,044,260501-184020_a044_data.csv,./data_in/0_raw_exp_dirs_from_RPi/260430-221618_a044/260501-184020_a044_data.csv,1,1aa1c0b9f06ef9a300d949dba03c645f4542de39f5ed30c0b5291876d04af009,18166
260502-214231,044,260502-214231_a044_data.csv,./data_in/0_raw_exp_dirs_from_RPi/260501-184911_a044/260502-214231_a044_data.csv,1,c38802b7160035ca85edac41a85dcbe51f04a8716d96135a7bfc647887bd349a,29027
260503-223641,044,260503-223641_a044_data.csv,./data_in/0_raw_exp_dirs_from_RPi/260502-214459_a044/260503-223641_a044_data.csv,1,3d346efe8d3ac1ccf71895f69763903f09d9c58a414019d324f72230ff9ae5c9,17582
